site,treatment,date,year,month,variable,value
n2,fert,1990-06-12T00:00:00Z,1990,6,chl_ug_l,10.52
n2,fert,1990-06-12T00:00:00Z,1990,6,cond_u_s,102
n2,fert,1990-06-12T00:00:00Z,1990,6,do_mg_l,10.623333333333333
n2,fert,1990-06-12T00:00:00Z,1990,6,secchi_m,3.4
n2,fert,1990-06-12T00:00:00Z,1990,6,temp_c,7.383333333333333
n2,fert,1990-06-21T00:00:00Z,1990,6,chl_ug_l,8.875
n2,fert,1990-06-21T00:00:00Z,1990,6,cond_u_s,110
n2,fert,1990-06-21T00:00:00Z,1990,6,do_mg_l,10
n2,fert,1990-06-21T00:00:00Z,1990,6,secchi_m,3
n2,fert,1990-06-21T00:00:00Z,1990,6,temp_c,11.773333333333333
n2,fert,1990-06-28T00:00:00Z,1990,6,chl_ug_l,3.755
n2,fert,1990-06-28T00:00:00Z,1990,6,cond_u_s,NA
n2,fert,1990-06-28T00:00:00Z,1990,6,do_mg_l,NA
n2,fert,1990-06-28T00:00:00Z,1990,6,secchi_m,NA
n2,fert,1990-06-28T00:00:00Z,1990,6,temp_c,NA
n2,fert,1990-07-05T00:00:00Z,1990,7,chl_ug_l,9.615
n2,fert,1990-07-05T00:00:00Z,1990,7,cond_u_s,124.03333333333333
n2,fert,1990-07-05T00:00:00Z,1990,7,do_mg_l,9.29
n2,fert,1990-07-05T00:00:00Z,1990,7,secchi_m,NA
n2,fert,1990-07-05T00:00:00Z,1990,7,temp_c,17.703333333333333
n2,fert,1990-07-12T00:00:00Z,1990,7,chl_ug_l,12.695
n2,fert,1990-07-12T00:00:00Z,1990,7,cond_u_s,120.46666666666667
n2,fert,1990-07-12T00:00:00Z,1990,7,do_mg_l,10.096666666666668
n2,fert,1990-07-12T00:00:00Z,1990,7,secchi_m,3.5
n2,fert,1990-07-12T00:00:00Z,1990,7,temp_c,16
n2,fert,1990-07-19T00:00:00Z,1990,7,chl_ug_l,11.08
n2,fert,1990-07-19T00:00:00Z,1990,7,cond_u_s,119.33333333333333
n2,fert,1990-07-19T00:00:00Z,1990,7,do_mg_l,9.059999999999999
n2,fert,1990-07-19T00:00:00Z,1990,7,secchi_m,2.125
n2,fert,1990-07-19T00:00:00Z,1990,7,temp_c,14.706666666666667
n2,fert,1990-07-26T00:00:00Z,1990,7,chl_ug_l,30.88
n2,fert,1990-07-26T00:00:00Z,1990,7,cond_u_s,120
n2,fert,1990-07-26T00:00:00Z,1990,7,do_mg_l,11.043333333333333
n2,fert,1990-07-26T00:00:00Z,1990,7,secchi_m,1.8
n2,fert,1990-07-26T00:00:00Z,1990,7,temp_c,14.483333333333334
n2,fert,1990-08-02T00:00:00Z,1990,8,chl_ug_l,33.525000000000006
n2,fert,1990-08-02T00:00:00Z,1990,8,cond_u_s,118.33333333333333
n2,fert,1990-08-02T00:00:00Z,1990,8,do_mg_l,11.4
n2,fert,1990-08-02T00:00:00Z,1990,8,secchi_m,1.2
n2,fert,1990-08-02T00:00:00Z,1990,8,temp_c,14.783333333333333
n2,fert,1990-08-10T00:00:00Z,1990,8,chl_ug_l,20.64
n2,fert,1990-08-10T00:00:00Z,1990,8,cond_u_s,158.1
n2,fert,1990-08-10T00:00:00Z,1990,8,do_mg_l,10.336666666666666
n2,fert,1990-08-10T00:00:00Z,1990,8,secchi_m,1.85
n2,fert,1990-08-10T00:00:00Z,1990,8,temp_c,13.216666666666667
n2,fert,1991-06-10T00:00:00Z,1991,6,chl_ug_l,3.5549999999999997
n2,fert,1991-06-10T00:00:00Z,1991,6,cond_u_s,64.2
n2,fert,1991-06-10T00:00:00Z,1991,6,do_mg_l,12.008333333333333
n2,fert,1991-06-10T00:00:00Z,1991,6,secchi_m,NA
n2,fert,1991-06-10T00:00:00Z,1991,6,temp_c,3.714166666666667
n2,fert,1991-06-27T00:00:00Z,1991,6,chl_ug_l,4.395
n2,fert,1991-06-27T00:00:00Z,1991,6,cond_u_s,182.66666666666666
n2,fert,1991-06-27T00:00:00Z,1991,6,do_mg_l,9.8533333333333335
n2,fert,1991-06-27T00:00:00Z,1991,6,secchi_m,2.9
n2,fert,1991-06-27T00:00:00Z,1991,6,temp_c,14.916666666666666
n2,fert,1991-07-06T00:00:00Z,1991,7,chl_ug_l,4.484999999999999
n2,fert,1991-07-06T00:00:00Z,1991,7,cond_u_s,101.46666666666667
n2,fert,1991-07-06T00:00:00Z,1991,7,do_mg_l,10.8
n2,fert,1991-07-06T00:00:00Z,1991,7,secchi_m,4.8
n2,fert,1991-07-06T00:00:00Z,1991,7,temp_c,14.52
n2,fert,1991-07-11T00:00:00Z,1991,7,chl_ug_l,5.165
n2,fert,1991-07-11T00:00:00Z,1991,7,cond_u_s,87.93333333333334
n2,fert,1991-07-11T00:00:00Z,1991,7,do_mg_l,9.63
n2,fert,1991-07-11T00:00:00Z,1991,7,secchi_m,4.3
n2,fert,1991-07-11T00:00:00Z,1991,7,temp_c,12.061666666666667
n2,fert,1991-07-18T00:00:00Z,1991,7,chl_ug_l,5.6850000000000005
n2,fert,1991-07-18T00:00:00Z,1991,7,cond_u_s,205.66666666666666
n2,fert,1991-07-18T00:00:00Z,1991,7,do_mg_l,10.246666666666666
n2,fert,1991-07-18T00:00:00Z,1991,7,secchi_m,4.2
n2,fert,1991-07-18T00:00:00Z,1991,7,temp_c,13
n2,fert,1991-07-25T00:00:00Z,1991,7,chl_ug_l,5.199999999999999
n2,fert,1991-07-25T00:00:00Z,1991,7,cond_u_s,99
n2,fert,1991-07-25T00:00:00Z,1991,7,do_mg_l,13.6
n2,fert,1991-07-25T00:00:00Z,1991,7,secchi_m,3.4
n2,fert,1991-07-25T00:00:00Z,1991,7,temp_c,12.92
n2,fert,1991-08-01T00:00:00Z,1991,8,chl_ug_l,4.640000000000001
n2,fert,1991-08-01T00:00:00Z,1991,8,cond_u_s,72
n2,fert,1991-08-01T00:00:00Z,1991,8,do_mg_l,10.5
n2,fert,1991-08-01T00:00:00Z,1991,8,secchi_m,3.3
n2,fert,1991-08-01T00:00:00Z,1991,8,temp_c,13.34
n2,fert,1991-08-08T00:00:00Z,1991,8,chl_ug_l,6.17
n2,fert,1991-08-08T00:00:00Z,1991,8,cond_u_s,87.1
n2,fert,1991-08-08T00:00:00Z,1991,8,do_mg_l,11.246666666666666
n2,fert,1991-08-08T00:00:00Z,1991,8,secchi_m,3
n2,fert,1991-08-08T00:00:00Z,1991,8,temp_c,11
n2,fert,1991-08-14T00:00:00Z,1991,8,chl_ug_l,3.9050000000000002
n2,fert,1991-08-14T00:00:00Z,1991,8,cond_u_s,99.46666666666667
n2,fert,1991-08-14T00:00:00Z,1991,8,do_mg_l,10.416666666666668
n2,fert,1991-08-14T00:00:00Z,1991,8,secchi_m,3.12
n2,fert,1991-08-14T00:00:00Z,1991,8,temp_c,11.07
n2,fert,1992-06-07T00:00:00Z,1992,6,chl_ug_l,NA
n2,fert,1992-06-07T00:00:00Z,1992,6,cond_u_s,65
n2,fert,1992-06-07T00:00:00Z,1992,6,do_mg_l,9.2
n2,fert,1992-06-07T00:00:00Z,1992,6,secchi_m,NA
n2,fert,1992-06-07T00:00:00Z,1992,6,temp_c,1.5
n2,fert,1992-06-17T00:00:00Z,1992,6,chl_ug_l,0.7377265
n2,fert,1992-06-17T00:00:00Z,1992,6,cond_u_s,87
n2,fert,1992-06-17T00:00:00Z,1992,6,do_mg_l,8.866666666666667
n2,fert,1992-06-17T00:00:00Z,1992,6,secchi_m,3.7
n2,fert,1992-06-17T00:00:00Z,1992,6,temp_c,4.466666666666667
n2,fert,1992-06-25T00:00:00Z,1992,6,chl_ug_l,0.020541
n2,fert,1992-06-25T00:00:00Z,1992,6,cond_u_s,85
n2,fert,1992-06-25T00:00:00Z,1992,6,do_mg_l,10.766666666666667
n2,fert,1992-06-25T00:00:00Z,1992,6,secchi_m,4.3
n2,fert,1992-06-25T00:00:00Z,1992,6,temp_c,9.566666666666666
n2,fert,1992-07-02T00:00:00Z,1992,7,chl_ug_l,0.916254
n2,fert,1992-07-02T00:00:00Z,1992,7,cond_u_s,85.66666666666667
n2,fert,1992-07-02T00:00:00Z,1992,7,do_mg_l,9.7
n2,fert,1992-07-02T00:00:00Z,1992,7,secchi_m,4.2
n2,fert,1992-07-02T00:00:00Z,1992,7,temp_c,13.766666666666666
n2,fert,1992-07-09T00:00:00Z,1992,7,chl_ug_l,2.0727385
n2,fert,1992-07-09T00:00:00Z,1992,7,cond_u_s,97.66666666666667
n2,fert,1992-07-09T00:00:00Z,1992,7,do_mg_l,9.200000000000001
n2,fert,1992-07-09T00:00:00Z,1992,7,secchi_m,3.9
n2,fert,1992-07-09T00:00:00Z,1992,7,temp_c,16.233333333333334
n2,fert,1992-07-16T00:00:00Z,1992,7,chl_ug_l,0.8284935
n2,fert,1992-07-16T00:00:00Z,1992,7,cond_u_s,94
n2,fert,1992-07-16T00:00:00Z,1992,7,do_mg_l,9.7
n2,fert,1992-07-16T00:00:00Z,1992,7,secchi_m,4.8
n2,fert,1992-07-16T00:00:00Z,1992,7,temp_c,13.5
n2,fert,1992-07-23T00:00:00Z,1992,7,chl_ug_l,NA
n2,fert,1992-07-23T00:00:00Z,1992,7,cond_u_s,258.3333333333333
n2,fert,1992-07-23T00:00:00Z,1992,7,do_mg_l,9.266666666666666
n2,fert,1992-07-23T00:00:00Z,1992,7,secchi_m,4.8
n2,fert,1992-07-23T00:00:00Z,1992,7,temp_c,15.333333333333334
n2,fert,1992-07-30T00:00:00Z,1992,7,chl_ug_l,0.461792
n2,fert,1992-07-30T00:00:00Z,1992,7,cond_u_s,189
n2,fert,1992-07-30T00:00:00Z,1992,7,do_mg_l,10.233333333333333
n2,fert,1992-07-30T00:00:00Z,1992,7,secchi_m,4.5
n2,fert,1992-07-30T00:00:00Z,1992,7,temp_c,14.5
n2,fert,1992-08-06T00:00:00Z,1992,8,chl_ug_l,0.5560355
n2,fert,1992-08-06T00:00:00Z,1992,8,cond_u_s,154.33333333333334
n2,fert,1992-08-06T00:00:00Z,1992,8,do_mg_l,9.7
n2,fert,1992-08-06T00:00:00Z,1992,8,secchi_m,6.7
n2,fert,1992-08-06T00:00:00Z,1992,8,temp_c,12.933333333333334
n2,fert,1992-08-10T00:00:00Z,1992,8,chl_ug_l,0.5759555
n2,fert,1992-08-10T00:00:00Z,1992,8,cond_u_s,99.66666666666667
n2,fert,1992-08-10T00:00:00Z,1992,8,do_mg_l,9.633333333333333
n2,fert,1992-08-10T00:00:00Z,1992,8,secchi_m,4.8
n2,fert,1992-08-10T00:00:00Z,1992,8,temp_c,12.1
n2,fert,1992-08-20T00:00:00Z,1992,8,chl_ug_l,NA
n2,fert,1992-08-20T00:00:00Z,1992,8,cond_u_s,NA
n2,fert,1992-08-20T00:00:00Z,1992,8,do_mg_l,NA
n2,fert,1992-08-20T00:00:00Z,1992,8,secchi_m,4.7
n2,fert,1992-08-20T00:00:00Z,1992,8,temp_c,NA
n2,fert,1993-06-06T00:00:00Z,1993,6,chl_ug_l,NA
n2,fert,1993-06-06T00:00:00Z,1993,6,cond_u_s,129.6
n2,fert,1993-06-06T00:00:00Z,1993,6,do_mg_l,9.293333333333333
n2,fert,1993-06-06T00:00:00Z,1993,6,secchi_m,NA
n2,fert,1993-06-06T00:00:00Z,1993,6,temp_c,3.8333333333333335
n2,fert,1993-06-16T00:00:00Z,1993,6,chl_ug_l,2.4880505
n2,fert,1993-06-16T00:00:00Z,1993,6,cond_u_s,95.65
n2,fert,1993-06-16T00:00:00Z,1993,6,do_mg_l,9.965
n2,fert,1993-06-16T00:00:00Z,1993,6,secchi_m,3.2
n2,fert,1993-06-16T00:00:00Z,1993,6,temp_c,11.48
n2,fert,1993-06-21T00:00:00Z,1993,6,chl_ug_l,2.2944885
n2,fert,1993-06-21T00:00:00Z,1993,6,cond_u_s,58.8
n2,fert,1993-06-21T00:00:00Z,1993,6,do_mg_l,9.7
n2,fert,1993-06-21T00:00:00Z,1993,6,secchi_m,3.2
n2,fert,1993-06-21T00:00:00Z,1993,6,temp_c,10.59
n2,fert,1993-06-28T00:00:00Z,1993,6,chl_ug_l,1.4300385
n2,fert,1993-06-28T00:00:00Z,1993,6,cond_u_s,98.76666666666667
n2,fert,1993-06-28T00:00:00Z,1993,6,do_mg_l,9.48
n2,fert,1993-06-28T00:00:00Z,1993,6,secchi_m,3.4
n2,fert,1993-06-28T00:00:00Z,1993,6,temp_c,12.443333333333333
n2,fert,1993-07-05T00:00:00Z,1993,7,chl_ug_l,1.3454725
n2,fert,1993-07-05T00:00:00Z,1993,7,cond_u_s,100.06666666666666
n2,fert,1993-07-05T00:00:00Z,1993,7,do_mg_l,7.97
n2,fert,1993-07-05T00:00:00Z,1993,7,secchi_m,4.6
n2,fert,1993-07-05T00:00:00Z,1993,7,temp_c,15.996666666666668
n2,fert,1993-07-12T00:00:00Z,1993,7,chl_ug_l,0.610314
n2,fert,1993-07-12T00:00:00Z,1993,7,cond_u_s,104.10000000000001
n2,fert,1993-07-12T00:00:00Z,1993,7,do_mg_l,8.23
n2,fert,1993-07-12T00:00:00Z,1993,7,secchi_m,4.6
n2,fert,1993-07-12T00:00:00Z,1993,7,temp_c,16.53
n2,fert,1993-07-19T00:00:00Z,1993,7,chl_ug_l,0.9395565
n2,fert,1993-07-19T00:00:00Z,1993,7,cond_u_s,106.36666666666667
n2,fert,1993-07-19T00:00:00Z,1993,7,do_mg_l,8.336666666666666
n2,fert,1993-07-19T00:00:00Z,1993,7,secchi_m,5.5
n2,fert,1993-07-19T00:00:00Z,1993,7,temp_c,19.080000000000002
n2,fert,1993-07-26T00:00:00Z,1993,7,chl_ug_l,1.0570089999999999
n2,fert,1993-07-26T00:00:00Z,1993,7,cond_u_s,106.86666666666666
n2,fert,1993-07-26T00:00:00Z,1993,7,do_mg_l,6.983333333333333
n2,fert,1993-07-26T00:00:00Z,1993,7,secchi_m,5.6
n2,fert,1993-07-26T00:00:00Z,1993,7,temp_c,16.073333333333334
n2,fert,1993-08-02T00:00:00Z,1993,8,chl_ug_l,1.7081659999999999
n2,fert,1993-08-02T00:00:00Z,1993,8,cond_u_s,111.86666666666667
n2,fert,1993-08-02T00:00:00Z,1993,8,do_mg_l,9.75
n2,fert,1993-08-02T00:00:00Z,1993,8,secchi_m,5.7
n2,fert,1993-08-02T00:00:00Z,1993,8,temp_c,13.563333333333334
n2,fert,1993-08-09T00:00:00Z,1993,8,chl_ug_l,1.306009
n2,fert,1993-08-09T00:00:00Z,1993,8,cond_u_s,118.36666666666666
n2,fert,1993-08-09T00:00:00Z,1993,8,do_mg_l,10.08
n2,fert,1993-08-09T00:00:00Z,1993,8,secchi_m,6.2
n2,fert,1993-08-09T00:00:00Z,1993,8,temp_c,10.72
n2,fert,1994-06-15T00:00:00Z,1994,6,chl_ug_l,1.8622635
n2,fert,1994-06-15T00:00:00Z,1994,6,cond_u_s,84.05
n2,fert,1994-06-15T00:00:00Z,1994,6,do_mg_l,9.5
n2,fert,1994-06-15T00:00:00Z,1994,6,secchi_m,NA
n2,fert,1994-06-15T00:00:00Z,1994,6,temp_c,3.833333333333333
n2,fert,1994-06-20T00:00:00Z,1994,6,chl_ug_l,3.9378845
n2,fert,1994-06-20T00:00:00Z,1994,6,cond_u_s,138.16666666666666
n2,fert,1994-06-20T00:00:00Z,1994,6,do_mg_l,10.833333333333334
n2,fert,1994-06-20T00:00:00Z,1994,6,secchi_m,3
n2,fert,1994-06-20T00:00:00Z,1994,6,temp_c,5.423333333333334
n2,fert,1994-06-29T00:00:00Z,1994,6,chl_ug_l,1.5164835
n2,fert,1994-06-29T00:00:00Z,1994,6,cond_u_s,141.76666666666668
n2,fert,1994-06-29T00:00:00Z,1994,6,do_mg_l,10.606666666666667
n2,fert,1994-06-29T00:00:00Z,1994,6,secchi_m,4
n2,fert,1994-06-29T00:00:00Z,1994,6,temp_c,9.6033333333333335
n2,fert,1994-07-08T00:00:00Z,1994,7,chl_ug_l,0.9996925000000001
n2,fert,1994-07-08T00:00:00Z,1994,7,cond_u_s,143.4
n2,fert,1994-07-08T00:00:00Z,1994,7,do_mg_l,9.549999999999999
n2,fert,1994-07-08T00:00:00Z,1994,7,secchi_m,4.1
n2,fert,1994-07-08T00:00:00Z,1994,7,temp_c,14.256666666666666
n2,fert,1994-07-18T00:00:00Z,1994,7,chl_ug_l,0.557695
n2,fert,1994-07-18T00:00:00Z,1994,7,cond_u_s,145.4
n2,fert,1994-07-18T00:00:00Z,1994,7,do_mg_l,7.23
n2,fert,1994-07-18T00:00:00Z,1994,7,secchi_m,5.5
n2,fert,1994-07-18T00:00:00Z,1994,7,temp_c,16.05666666666667
n2,fert,1994-07-29T00:00:00Z,1994,7,chl_ug_l,0.591146
n2,fert,1994-07-29T00:00:00Z,1994,7,cond_u_s,147.73333333333335
n2,fert,1994-07-29T00:00:00Z,1994,7,do_mg_l,8.136666666666667
n2,fert,1994-07-29T00:00:00Z,1994,7,secchi_m,5
n2,fert,1994-07-29T00:00:00Z,1994,7,temp_c,15.98
n2,fert,1994-08-08T00:00:00Z,1994,8,chl_ug_l,0.7373505
n2,fert,1994-08-08T00:00:00Z,1994,8,cond_u_s,148.86666666666667
n2,fert,1994-08-08T00:00:00Z,1994,8,do_mg_l,8.356666666666667
n2,fert,1994-08-08T00:00:00Z,1994,8,secchi_m,5
n2,fert,1994-08-08T00:00:00Z,1994,8,temp_c,16.59
n2,fert,1994-08-15T00:00:00Z,1994,8,chl_ug_l,0.8258624999999999
n2,fert,1994-08-15T00:00:00Z,1994,8,cond_u_s,132.43333333333334
n2,fert,1994-08-15T00:00:00Z,1994,8,do_mg_l,9.013333333333334
n2,fert,1994-08-15T00:00:00Z,1994,8,secchi_m,5.1
n2,fert,1994-08-15T00:00:00Z,1994,8,temp_c,13.396666666666667
n2,fert,1994-08-22T00:00:00Z,1994,8,chl_ug_l,2.4514050000000003
n2,fert,1994-08-22T00:00:00Z,1994,8,cond_u_s,149.7
n2,fert,1994-08-22T00:00:00Z,1994,8,do_mg_l,8.65
n2,fert,1994-08-22T00:00:00Z,1994,8,secchi_m,4.5
n2,fert,1994-08-22T00:00:00Z,1994,8,temp_c,9.453333333333333
n2,fert,1995-06-14T00:00:00Z,1995,6,chl_ug_l,0.975565
n2,fert,1995-06-14T00:00:00Z,1995,6,cond_u_s,117.96666666666667
n2,fert,1995-06-14T00:00:00Z,1995,6,do_mg_l,11.700000000000001
n2,fert,1995-06-14T00:00:00Z,1995,6,secchi_m,5.2
n2,fert,1995-06-14T00:00:00Z,1995,6,temp_c,8.253333333333334
n2,fert,1995-06-21T00:00:00Z,1995,6,chl_ug_l,1.1532499999999999
n2,fert,1995-06-21T00:00:00Z,1995,6,cond_u_s,116.93333333333334
n2,fert,1995-06-21T00:00:00Z,1995,6,do_mg_l,9.97
n2,fert,1995-06-21T00:00:00Z,1995,6,secchi_m,4.8
n2,fert,1995-06-21T00:00:00Z,1995,6,temp_c,13.123333333333333
n2,fert,1995-06-28T00:00:00Z,1995,6,chl_ug_l,1.000675
n2,fert,1995-06-28T00:00:00Z,1995,6,cond_u_s,121.1
n2,fert,1995-06-28T00:00:00Z,1995,6,do_mg_l,10.406666666666666
n2,fert,1995-06-28T00:00:00Z,1995,6,secchi_m,5.6
n2,fert,1995-06-28T00:00:00Z,1995,6,temp_c,9.093333333333334
n2,fert,1995-07-05T00:00:00Z,1995,7,chl_ug_l,0.848715
n2,fert,1995-07-05T00:00:00Z,1995,7,cond_u_s,124.86666666666667
n2,fert,1995-07-05T00:00:00Z,1995,7,do_mg_l,9.34
n2,fert,1995-07-05T00:00:00Z,1995,7,secchi_m,5.8
n2,fert,1995-07-05T00:00:00Z,1995,7,temp_c,13.936666666666667
n2,fert,1995-07-17T00:00:00Z,1995,7,chl_ug_l,0.8577950000000001
n2,fert,1995-07-17T00:00:00Z,1995,7,cond_u_s,130.76666666666665
n2,fert,1995-07-17T00:00:00Z,1995,7,do_mg_l,8.8966666666666665
n2,fert,1995-07-17T00:00:00Z,1995,7,secchi_m,6.45
n2,fert,1995-07-17T00:00:00Z,1995,7,temp_c,17.296666666666667
n2,fert,1995-07-26T00:00:00Z,1995,7,chl_ug_l,0.683125
n2,fert,1995-07-26T00:00:00Z,1995,7,cond_u_s,137
n2,fert,1995-07-26T00:00:00Z,1995,7,do_mg_l,9.62
n2,fert,1995-07-26T00:00:00Z,1995,7,secchi_m,6
n2,fert,1995-07-26T00:00:00Z,1995,7,temp_c,10.99
n2,fert,1995-08-08T00:00:00Z,1995,8,chl_ug_l,1.08635
n2,fert,1995-08-08T00:00:00Z,1995,8,cond_u_s,149.66666666666666
n2,fert,1995-08-08T00:00:00Z,1995,8,do_mg_l,9.76
n2,fert,1995-08-08T00:00:00Z,1995,8,secchi_m,5.1
n2,fert,1995-08-08T00:00:00Z,1995,8,temp_c,10.963333333333333
n2,fert,1995-08-14T00:00:00Z,1995,8,chl_ug_l,1.19835
n2,fert,1995-08-14T00:00:00Z,1995,8,cond_u_s,154.33333333333334
n2,fert,1995-08-14T00:00:00Z,1995,8,do_mg_l,10.273333333333333
n2,fert,1995-08-14T00:00:00Z,1995,8,secchi_m,4.8
n2,fert,1995-08-14T00:00:00Z,1995,8,temp_c,11.783333333333333
n2,fert,1996-06-14T00:00:00Z,1996,6,chl_ug_l,0.610854
n2,fert,1996-06-14T00:00:00Z,1996,6,cond_u_s,119.05
n2,fert,1996-06-14T00:00:00Z,1996,6,do_mg_l,8.465
n2,fert,1996-06-14T00:00:00Z,1996,6,secchi_m,3
n2,fert,1996-06-14T00:00:00Z,1996,6,temp_c,6.075
n2,fert,1996-06-21T00:00:00Z,1996,6,chl_ug_l,0.4101114665
n2,fert,1996-06-21T00:00:00Z,1996,6,cond_u_s,121.4
n2,fert,1996-06-21T00:00:00Z,1996,6,do_mg_l,9.203333333333333
n2,fert,1996-06-21T00:00:00Z,1996,6,secchi_m,3.55
n2,fert,1996-06-21T00:00:00Z,1996,6,temp_c,12.636666666666667
n2,fert,1996-06-28T00:00:00Z,1996,6,chl_ug_l,0.394065867
n2,fert,1996-06-28T00:00:00Z,1996,6,cond_u_s,120.93333333333334
n2,fert,1996-06-28T00:00:00Z,1996,6,do_mg_l,8.873333333333333
n2,fert,1996-06-28T00:00:00Z,1996,6,secchi_m,3.5
n2,fert,1996-06-28T00:00:00Z,1996,6,temp_c,10.846666666666666
n2,fert,1996-07-08T00:00:00Z,1996,7,chl_ug_l,0.260093733
n2,fert,1996-07-08T00:00:00Z,1996,7,cond_u_s,126.3
n2,fert,1996-07-08T00:00:00Z,1996,7,do_mg_l,9.673333333333334
n2,fert,1996-07-08T00:00:00Z,1996,7,secchi_m,3.73
n2,fert,1996-07-08T00:00:00Z,1996,7,temp_c,12.61
n2,fert,1996-07-17T00:00:00Z,1996,7,chl_ug_l,0.23775066649999999
n2,fert,1996-07-17T00:00:00Z,1996,7,cond_u_s,126.1
n2,fert,1996-07-17T00:00:00Z,1996,7,do_mg_l,8.883333333333333
n2,fert,1996-07-17T00:00:00Z,1996,7,secchi_m,4.9
n2,fert,1996-07-17T00:00:00Z,1996,7,temp_c,13.103333333333333
n2,fert,1996-07-26T00:00:00Z,1996,7,chl_ug_l,0.267857733
n2,fert,1996-07-26T00:00:00Z,1996,7,cond_u_s,130
n2,fert,1996-07-26T00:00:00Z,1996,7,do_mg_l,9.44
n2,fert,1996-07-26T00:00:00Z,1996,7,secchi_m,3.12
n2,fert,1996-07-26T00:00:00Z,1996,7,temp_c,12.49
n2,fert,1996-08-12T00:00:00Z,1996,8,chl_ug_l,0.2664774665
n2,fert,1996-08-12T00:00:00Z,1996,8,cond_u_s,141.23333333333332
n2,fert,1996-08-12T00:00:00Z,1996,8,do_mg_l,8.7
n2,fert,1996-08-12T00:00:00Z,1996,8,secchi_m,4
n2,fert,1996-08-12T00:00:00Z,1996,8,temp_c,9.583333333333334
n2,fert,1996-08-27T00:00:00Z,1996,8,chl_ug_l,NA
n2,fert,1996-08-27T00:00:00Z,1996,8,cond_u_s,151.25
n2,fert,1996-08-27T00:00:00Z,1996,8,do_mg_l,8.5625
n2,fert,1996-08-27T00:00:00Z,1996,8,secchi_m,NA
n2,fert,1996-08-27T00:00:00Z,1996,8,temp_c,6.1850000000000005
n2,fert,1997-06-18T00:00:00Z,1997,6,chl_ug_l,0.55
n2,fert,1997-06-18T00:00:00Z,1997,6,cond_u_s,111.56666666666666
n2,fert,1997-06-18T00:00:00Z,1997,6,do_mg_l,6.4399999999999995
n2,fert,1997-06-18T00:00:00Z,1997,6,secchi_m,4
n2,fert,1997-06-18T00:00:00Z,1997,6,temp_c,10.576666666666666
n2,fert,1997-07-18T00:00:00Z,1997,7,chl_ug_l,0.135
n2,fert,1997-07-18T00:00:00Z,1997,7,cond_u_s,124.53333333333333
n2,fert,1997-07-18T00:00:00Z,1997,7,do_mg_l,8.863333333333333
n2,fert,1997-07-18T00:00:00Z,1997,7,secchi_m,6
n2,fert,1997-07-18T00:00:00Z,1997,7,temp_c,15.346666666666666
n2,fert,1997-08-04T00:00:00Z,1997,8,chl_ug_l,0.22
n2,fert,1997-08-04T00:00:00Z,1997,8,cond_u_s,155.66666666666666
n2,fert,1997-08-04T00:00:00Z,1997,8,do_mg_l,9.58
n2,fert,1997-08-04T00:00:00Z,1997,8,secchi_m,6
n2,fert,1997-08-04T00:00:00Z,1997,8,temp_c,15.016666666666666
n2,fert,1997-08-13T00:00:00Z,1997,8,chl_ug_l,NA
n2,fert,1997-08-13T00:00:00Z,1997,8,cond_u_s,152
n2,fert,1997-08-13T00:00:00Z,1997,8,do_mg_l,9.063333333333333
n2,fert,1997-08-13T00:00:00Z,1997,8,secchi_m,NA
n2,fert,1997-08-13T00:00:00Z,1997,8,temp_c,13.673333333333334
n2,fert,1998-06-19T00:00:00Z,1998,6,chl_ug_l,0.6933333333333334
n2,fert,1998-06-19T00:00:00Z,1998,6,cond_u_s,147.475
n2,fert,1998-06-19T00:00:00Z,1998,6,do_mg_l,8.75
n2,fert,1998-06-19T00:00:00Z,1998,6,secchi_m,4.5
n2,fert,1998-06-19T00:00:00Z,1998,6,temp_c,13.3225
n2,fert,1998-07-17T00:00:00Z,1998,7,chl_ug_l,0.6566666666666667
n2,fert,1998-07-17T00:00:00Z,1998,7,cond_u_s,149.75
n2,fert,1998-07-17T00:00:00Z,1998,7,do_mg_l,7.9625
n2,fert,1998-07-17T00:00:00Z,1998,7,secchi_m,4.4
n2,fert,1998-07-17T00:00:00Z,1998,7,temp_c,17.5925
n2,fert,1998-08-07T00:00:00Z,1998,8,chl_ug_l,0.9516666666666667
n2,fert,1998-08-07T00:00:00Z,1998,8,cond_u_s,160.5
n2,fert,1998-08-07T00:00:00Z,1998,8,do_mg_l,8.9825
n2,fert,1998-08-07T00:00:00Z,1998,8,secchi_m,7.1
n2,fert,1998-08-07T00:00:00Z,1998,8,temp_c,13.46
n2,fert,1999-05-08T00:00:00Z,1999,5,chl_ug_l,2.6799999999999997
n2,fert,1999-05-08T00:00:00Z,1999,5,cond_u_s,255.66666666666666
n2,fert,1999-05-08T00:00:00Z,1999,5,do_mg_l,9.6
n2,fert,1999-05-08T00:00:00Z,1999,5,secchi_m,NA
n2,fert,1999-05-08T00:00:00Z,1999,5,temp_c,0.9933333333333333
n2,fert,1999-06-28T00:00:00Z,1999,6,chl_ug_l,1.0316666666666667
n2,fert,1999-06-28T00:00:00Z,1999,6,cond_u_s,143
n2,fert,1999-06-28T00:00:00Z,1999,6,do_mg_l,9.663333333333334
n2,fert,1999-06-28T00:00:00Z,1999,6,secchi_m,5
n2,fert,1999-06-28T00:00:00Z,1999,6,temp_c,14.84
n2,fert,1999-07-16T00:00:00Z,1999,7,chl_ug_l,0.6566666666666666
n2,fert,1999-07-16T00:00:00Z,1999,7,cond_u_s,156
n2,fert,1999-07-16T00:00:00Z,1999,7,do_mg_l,9.236666666666666
n2,fert,1999-07-16T00:00:00Z,1999,7,secchi_m,6
n2,fert,1999-07-16T00:00:00Z,1999,7,temp_c,16.993333333333332
n2,fert,1999-08-09T00:00:00Z,1999,8,chl_ug_l,0.7483333333333333
n2,fert,1999-08-09T00:00:00Z,1999,8,cond_u_s,177
n2,fert,1999-08-09T00:00:00Z,1999,8,do_mg_l,10.683333333333334
n2,fert,1999-08-09T00:00:00Z,1999,8,secchi_m,5.5
n2,fert,1999-08-09T00:00:00Z,1999,8,temp_c,15.306666666666667
n2,ref,1990-06-12T00:00:00Z,1990,6,chl_ug_l,6.535
n2,ref,1990-06-12T00:00:00Z,1990,6,cond_u_s,69.16666666666667
n2,ref,1990-06-12T00:00:00Z,1990,6,do_mg_l,9.866666666666667
n2,ref,1990-06-12T00:00:00Z,1990,6,secchi_m,3.61
n2,ref,1990-06-12T00:00:00Z,1990,6,temp_c,9.083333333333334
n2,ref,1990-06-21T00:00:00Z,1990,6,chl_ug_l,3.2800000000000002
n2,ref,1990-06-21T00:00:00Z,1990,6,cond_u_s,75.96666666666667
n2,ref,1990-06-21T00:00:00Z,1990,6,do_mg_l,10.2
n2,ref,1990-06-21T00:00:00Z,1990,6,secchi_m,4.3
n2,ref,1990-06-21T00:00:00Z,1990,6,temp_c,12.03
n2,ref,1991-06-10T00:00:00Z,1991,6,chl_ug_l,6.859999999999999
n2,ref,1991-06-10T00:00:00Z,1991,6,cond_u_s,65.33333333333333
n2,ref,1991-06-10T00:00:00Z,1991,6,do_mg_l,11.016666666666666
n2,ref,1991-06-10T00:00:00Z,1991,6,secchi_m,5.5
n2,ref,1991-06-10T00:00:00Z,1991,6,temp_c,6.985
n2,ref,1991-06-27T00:00:00Z,1991,6,chl_ug_l,1.13
n2,ref,1991-06-27T00:00:00Z,1991,6,cond_u_s,86.2
n2,ref,1991-06-27T00:00:00Z,1991,6,do_mg_l,9.753333333333334
n2,ref,1991-06-27T00:00:00Z,1991,6,secchi_m,5.75
n2,ref,1991-06-27T00:00:00Z,1991,6,temp_c,15.036666666666667
n2,ref,1991-07-06T00:00:00Z,1991,7,chl_ug_l,0.8600000000000001
n2,ref,1991-07-06T00:00:00Z,1991,7,cond_u_s,86.7
n2,ref,1991-07-06T00:00:00Z,1991,7,do_mg_l,9.8
n2,ref,1991-07-06T00:00:00Z,1991,7,secchi_m,5.2
n2,ref,1991-07-06T00:00:00Z,1991,7,temp_c,14.716666666666667
n2,ref,1991-07-11T00:00:00Z,1991,7,chl_ug_l,1.185
n2,ref,1991-07-11T00:00:00Z,1991,7,cond_u_s,81.16666666666667
n2,ref,1991-07-11T00:00:00Z,1991,7,do_mg_l,9.6033333333333335
n2,ref,1991-07-11T00:00:00Z,1991,7,secchi_m,5.5
n2,ref,1991-07-11T00:00:00Z,1991,7,temp_c,11.969166666666666
n2,ref,1991-07-18T00:00:00Z,1991,7,chl_ug_l,1.1400000000000001
n2,ref,1991-07-18T00:00:00Z,1991,7,cond_u_s,192.5
n2,ref,1991-07-18T00:00:00Z,1991,7,do_mg_l,9.306666666666667
n2,ref,1991-07-18T00:00:00Z,1991,7,secchi_m,4.5
n2,ref,1991-07-18T00:00:00Z,1991,7,temp_c,14.026666666666667
n2,ref,1991-07-25T00:00:00Z,1991,7,chl_ug_l,0.795
n2,ref,1991-07-25T00:00:00Z,1991,7,cond_u_s,87.43333333333334
n2,ref,1991-07-25T00:00:00Z,1991,7,do_mg_l,10.47
n2,ref,1991-07-25T00:00:00Z,1991,7,secchi_m,6.5
n2,ref,1991-07-25T00:00:00Z,1991,7,temp_c,13.403333333333332
n2,ref,1991-08-01T00:00:00Z,1991,8,chl_ug_l,1.655
n2,ref,1991-08-01T00:00:00Z,1991,8,cond_u_s,79.56666666666666
n2,ref,1991-08-01T00:00:00Z,1991,8,do_mg_l,9.766666666666667
n2,ref,1991-08-01T00:00:00Z,1991,8,secchi_m,6.2
n2,ref,1991-08-01T00:00:00Z,1991,8,temp_c,13.5
n2,ref,1991-08-08T00:00:00Z,1991,8,chl_ug_l,1.17
n2,ref,1991-08-08T00:00:00Z,1991,8,cond_u_s,95.46666666666667
n2,ref,1991-08-08T00:00:00Z,1991,8,do_mg_l,10.55
n2,ref,1991-08-08T00:00:00Z,1991,8,secchi_m,5.5
n2,ref,1991-08-08T00:00:00Z,1991,8,temp_c,10.293333333333333
n2,ref,1991-08-14T00:00:00Z,1991,8,chl_ug_l,1.0899999999999999
n2,ref,1991-08-14T00:00:00Z,1991,8,cond_u_s,95.72
n2,ref,1991-08-14T00:00:00Z,1991,8,do_mg_l,10.7
n2,ref,1991-08-14T00:00:00Z,1991,8,secchi_m,5.92
n2,ref,1991-08-14T00:00:00Z,1991,8,temp_c,12
n2,ref,1992-06-07T00:00:00Z,1992,6,chl_ug_l,NA
n2,ref,1992-06-07T00:00:00Z,1992,6,cond_u_s,53
n2,ref,1992-06-07T00:00:00Z,1992,6,do_mg_l,10.4
n2,ref,1992-06-07T00:00:00Z,1992,6,secchi_m,NA
n2,ref,1992-06-07T00:00:00Z,1992,6,temp_c,1.95
n2,ref,1992-06-17T00:00:00Z,1992,6,chl_ug_l,0.615
n2,ref,1992-06-17T00:00:00Z,1992,6,cond_u_s,39.666666666666664
n2,ref,1992-06-17T00:00:00Z,1992,6,do_mg_l,10.5
n2,ref,1992-06-17T00:00:00Z,1992,6,secchi_m,4
n2,ref,1992-06-17T00:00:00Z,1992,6,temp_c,4.533333333333333
n2,ref,1992-06-25T00:00:00Z,1992,6,chl_ug_l,1.4700000000000002
n2,ref,1992-06-25T00:00:00Z,1992,6,cond_u_s,31.666666666666668
n2,ref,1992-06-25T00:00:00Z,1992,6,do_mg_l,10.1
n2,ref,1992-06-25T00:00:00Z,1992,6,secchi_m,3.7
n2,ref,1992-06-25T00:00:00Z,1992,6,temp_c,10.966666666666667
n2,ref,1992-07-02T00:00:00Z,1992,7,chl_ug_l,0.985
n2,ref,1992-07-02T00:00:00Z,1992,7,cond_u_s,47
n2,ref,1992-07-02T00:00:00Z,1992,7,do_mg_l,9.200000000000001
n2,ref,1992-07-02T00:00:00Z,1992,7,secchi_m,4.75
n2,ref,1992-07-02T00:00:00Z,1992,7,temp_c,13.5
n2,ref,1992-07-09T00:00:00Z,1992,7,chl_ug_l,1.23
n2,ref,1992-07-09T00:00:00Z,1992,7,cond_u_s,54
n2,ref,1992-07-09T00:00:00Z,1992,7,do_mg_l,8.633333333333333
n2,ref,1992-07-09T00:00:00Z,1992,7,secchi_m,4.5
n2,ref,1992-07-09T00:00:00Z,1992,7,temp_c,16.066666666666666
n2,ref,1992-07-16T00:00:00Z,1992,7,chl_ug_l,0.9949999999999999
n2,ref,1992-07-16T00:00:00Z,1992,7,cond_u_s,53.333333333333336
n2,ref,1992-07-16T00:00:00Z,1992,7,do_mg_l,9.433333333333334
n2,ref,1992-07-16T00:00:00Z,1992,7,secchi_m,3.9
n2,ref,1992-07-16T00:00:00Z,1992,7,temp_c,13.666666666666666
n2,ref,1992-07-23T00:00:00Z,1992,7,chl_ug_l,NA
n2,ref,1992-07-23T00:00:00Z,1992,7,cond_u_s,60.666666666666664
n2,ref,1992-07-23T00:00:00Z,1992,7,do_mg_l,8.933333333333334
n2,ref,1992-07-23T00:00:00Z,1992,7,secchi_m,3.2
n2,ref,1992-07-23T00:00:00Z,1992,7,temp_c,15.566666666666666
n2,ref,1992-07-30T00:00:00Z,1992,7,chl_ug_l,0.385
n2,ref,1992-07-30T00:00:00Z,1992,7,cond_u_s,112.1
n2,ref,1992-07-30T00:00:00Z,1992,7,do_mg_l,9.833333333333334
n2,ref,1992-07-30T00:00:00Z,1992,7,secchi_m,3.5
n2,ref,1992-07-30T00:00:00Z,1992,7,temp_c,14.733333333333333
n2,ref,1992-08-06T00:00:00Z,1992,8,chl_ug_l,0.42000000000000004
n2,ref,1992-08-06T00:00:00Z,1992,8,cond_u_s,51
n2,ref,1992-08-06T00:00:00Z,1992,8,do_mg_l,9.3
n2,ref,1992-08-06T00:00:00Z,1992,8,secchi_m,5.4
n2,ref,1992-08-06T00:00:00Z,1992,8,temp_c,13.200000000000001
n2,ref,1992-08-10T00:00:00Z,1992,8,chl_ug_l,0.405
n2,ref,1992-08-10T00:00:00Z,1992,8,cond_u_s,73
n2,ref,1992-08-10T00:00:00Z,1992,8,do_mg_l,9.466666666666667
n2,ref,1992-08-10T00:00:00Z,1992,8,secchi_m,2.7
n2,ref,1992-08-10T00:00:00Z,1992,8,temp_c,12.3
n2,ref,1992-08-20T00:00:00Z,1992,8,chl_ug_l,NA
n2,ref,1992-08-20T00:00:00Z,1992,8,cond_u_s,NA
n2,ref,1992-08-20T00:00:00Z,1992,8,do_mg_l,NA
n2,ref,1992-08-20T00:00:00Z,1992,8,secchi_m,7.25
n2,ref,1992-08-20T00:00:00Z,1992,8,temp_c,NA
n2,ref,1993-06-06T00:00:00Z,1993,6,chl_ug_l,0.448323
n2,ref,1993-06-06T00:00:00Z,1993,6,cond_u_s,90.83333333333333
n2,ref,1993-06-06T00:00:00Z,1993,6,do_mg_l,9.293333333333333
n2,ref,1993-06-06T00:00:00Z,1993,6,secchi_m,NA
n2,ref,1993-06-06T00:00:00Z,1993,6,temp_c,3.716666666666667
n2,ref,1993-06-16T00:00:00Z,1993,6,chl_ug_l,1.117145
n2,ref,1993-06-16T00:00:00Z,1993,6,cond_u_s,69.35
n2,ref,1993-06-16T00:00:00Z,1993,6,do_mg_l,9.48
n2,ref,1993-06-16T00:00:00Z,1993,6,secchi_m,3.75
n2,ref,1993-06-16T00:00:00Z,1993,6,temp_c,13.23
n2,ref,1993-06-21T00:00:00Z,1993,6,chl_ug_l,1.666823
n2,ref,1993-06-21T00:00:00Z,1993,6,cond_u_s,70.65
n2,ref,1993-06-21T00:00:00Z,1993,6,do_mg_l,9.27
n2,ref,1993-06-21T00:00:00Z,1993,6,secchi_m,3
n2,ref,1993-06-21T00:00:00Z,1993,6,temp_c,11.07
n2,ref,1993-06-28T00:00:00Z,1993,6,chl_ug_l,1.119024
n2,ref,1993-06-28T00:00:00Z,1993,6,cond_u_s,74.63333333333333
n2,ref,1993-06-28T00:00:00Z,1993,6,do_mg_l,9.326666666666666
n2,ref,1993-06-28T00:00:00Z,1993,6,secchi_m,3.6
n2,ref,1993-06-28T00:00:00Z,1993,6,temp_c,12.583333333333332
n2,ref,1993-07-05T00:00:00Z,1993,7,chl_ug_l,1.2656049999999999
n2,ref,1993-07-05T00:00:00Z,1993,7,cond_u_s,78.53333333333333
n2,ref,1993-07-05T00:00:00Z,1993,7,do_mg_l,7.873333333333333
n2,ref,1993-07-05T00:00:00Z,1993,7,secchi_m,4.6
n2,ref,1993-07-05T00:00:00Z,1993,7,temp_c,16.12
n2,ref,1993-07-12T00:00:00Z,1993,7,chl_ug_l,0.3669525
n2,ref,1993-07-12T00:00:00Z,1993,7,cond_u_s,88.8
n2,ref,1993-07-12T00:00:00Z,1993,7,do_mg_l,8.126666666666667
n2,ref,1993-07-12T00:00:00Z,1993,7,secchi_m,NA
n2,ref,1993-07-12T00:00:00Z,1993,7,temp_c,16.756666666666668
n2,ref,1993-07-19T00:00:00Z,1993,7,chl_ug_l,0.820225
n2,ref,1993-07-19T00:00:00Z,1993,7,cond_u_s,91.36666666666667
n2,ref,1993-07-19T00:00:00Z,1993,7,do_mg_l,8.29
n2,ref,1993-07-19T00:00:00Z,1993,7,secchi_m,5.6
n2,ref,1993-07-19T00:00:00Z,1993,7,temp_c,18.86
n2,ref,1993-07-26T00:00:00Z,1993,7,chl_ug_l,0.47933099999999995
n2,ref,1993-07-26T00:00:00Z,1993,7,cond_u_s,93.93333333333334
n2,ref,1993-07-26T00:00:00Z,1993,7,do_mg_l,6.86
n2,ref,1993-07-26T00:00:00Z,1993,7,secchi_m,6.5
n2,ref,1993-07-26T00:00:00Z,1993,7,temp_c,16
n2,ref,1993-08-02T00:00:00Z,1993,8,chl_ug_l,0.8061309999999999
n2,ref,1993-08-02T00:00:00Z,1993,8,cond_u_s,96.76666666666667
n2,ref,1993-08-02T00:00:00Z,1993,8,do_mg_l,9.303333333333333
n2,ref,1993-08-02T00:00:00Z,1993,8,secchi_m,5.7
n2,ref,1993-08-02T00:00:00Z,1993,8,temp_c,14.013333333333334
n2,ref,1993-08-09T00:00:00Z,1993,8,chl_ug_l,0.6289185
n2,ref,1993-08-09T00:00:00Z,1993,8,cond_u_s,107.83333333333333
n2,ref,1993-08-09T00:00:00Z,1993,8,do_mg_l,9.833333333333334
n2,ref,1993-08-09T00:00:00Z,1993,8,secchi_m,6.5
n2,ref,1993-08-09T00:00:00Z,1993,8,temp_c,10.553333333333333
n2,ref,1994-06-15T00:00:00Z,1994,6,chl_ug_l,1.023183
n2,ref,1994-06-15T00:00:00Z,1994,6,cond_u_s,92.53333333333333
n2,ref,1994-06-15T00:00:00Z,1994,6,do_mg_l,9.870000000000001
n2,ref,1994-06-15T00:00:00Z,1994,6,secchi_m,4.9
n2,ref,1994-06-15T00:00:00Z,1994,6,temp_c,7.806666666666667
n2,ref,1994-06-20T00:00:00Z,1994,6,chl_ug_l,1.606687
n2,ref,1994-06-20T00:00:00Z,1994,6,cond_u_s,109.2
n2,ref,1994-06-20T00:00:00Z,1994,6,do_mg_l,10.733333333333333
n2,ref,1994-06-20T00:00:00Z,1994,6,secchi_m,4.2
n2,ref,1994-06-20T00:00:00Z,1994,6,temp_c,6.5200000000000005
n2,ref,1994-06-29T00:00:00Z,1994,6,chl_ug_l,0.661805
n2,ref,1994-06-29T00:00:00Z,1994,6,cond_u_s,123.2
n2,ref,1994-06-29T00:00:00Z,1994,6,do_mg_l,10.15
n2,ref,1994-06-29T00:00:00Z,1994,6,secchi_m,4
n2,ref,1994-06-29T00:00:00Z,1994,6,temp_c,10.336666666666666
n2,ref,1994-07-08T00:00:00Z,1994,7,chl_ug_l,0.5845685
n2,ref,1994-07-08T00:00:00Z,1994,7,cond_u_s,128.53333333333333
n2,ref,1994-07-08T00:00:00Z,1994,7,do_mg_l,9.323333333333334
n2,ref,1994-07-08T00:00:00Z,1994,7,secchi_m,4
n2,ref,1994-07-08T00:00:00Z,1994,7,temp_c,14.456666666666667
n2,ref,1994-07-18T00:00:00Z,1994,7,chl_ug_l,0.6428245
n2,ref,1994-07-18T00:00:00Z,1994,7,cond_u_s,133.36666666666665
n2,ref,1994-07-18T00:00:00Z,1994,7,do_mg_l,7.34
n2,ref,1994-07-18T00:00:00Z,1994,7,secchi_m,6
n2,ref,1994-07-18T00:00:00Z,1994,7,temp_c,15.843333333333334
n2,ref,1994-07-29T00:00:00Z,1994,7,chl_ug_l,0.515976
n2,ref,1994-07-29T00:00:00Z,1994,7,cond_u_s,139.03333333333333
n2,ref,1994-07-29T00:00:00Z,1994,7,do_mg_l,7.973333333333333
n2,ref,1994-07-29T00:00:00Z,1994,7,secchi_m,5.2
n2,ref,1994-07-29T00:00:00Z,1994,7,temp_c,15.9
n2,ref,1994-08-08T00:00:00Z,1994,8,chl_ug_l,0.827742
n2,ref,1994-08-08T00:00:00Z,1994,8,cond_u_s,143.14999999999998
n2,ref,1994-08-08T00:00:00Z,1994,8,do_mg_l,8.586666666666666
n2,ref,1994-08-08T00:00:00Z,1994,8,secchi_m,4
n2,ref,1994-08-08T00:00:00Z,1994,8,temp_c,16.496666666666666
n2,ref,1994-08-15T00:00:00Z,1994,8,chl_ug_l,0.6689465
n2,ref,1994-08-15T00:00:00Z,1994,8,cond_u_s,143.33333333333334
n2,ref,1994-08-15T00:00:00Z,1994,8,do_mg_l,8.78
n2,ref,1994-08-15T00:00:00Z,1994,8,secchi_m,4.7
n2,ref,1994-08-15T00:00:00Z,1994,8,temp_c,13.783333333333333
n2,ref,1994-08-22T00:00:00Z,1994,8,chl_ug_l,1.776758
n2,ref,1994-08-22T00:00:00Z,1994,8,cond_u_s,146.6
n2,ref,1994-08-22T00:00:00Z,1994,8,do_mg_l,9.11
n2,ref,1994-08-22T00:00:00Z,1994,8,secchi_m,4.4
n2,ref,1994-08-22T00:00:00Z,1994,8,temp_c,9.413333333333334
n2,ref,1995-06-14T00:00:00Z,1995,6,chl_ug_l,1.372395
n2,ref,1995-06-14T00:00:00Z,1995,6,cond_u_s,96.33333333333333
n2,ref,1995-06-14T00:00:00Z,1995,6,do_mg_l,10.94
n2,ref,1995-06-14T00:00:00Z,1995,6,secchi_m,4.8
n2,ref,1995-06-14T00:00:00Z,1995,6,temp_c,9.223333333333333
n2,ref,1995-06-21T00:00:00Z,1995,6,chl_ug_l,0.90653
n2,ref,1995-06-21T00:00:00Z,1995,6,cond_u_s,100.9
n2,ref,1995-06-21T00:00:00Z,1995,6,do_mg_l,9.790000000000001
n2,ref,1995-06-21T00:00:00Z,1995,6,secchi_m,5
n2,ref,1995-06-21T00:00:00Z,1995,6,temp_c,13.07
n2,ref,1995-06-28T00:00:00Z,1995,6,chl_ug_l,1.06213
n2,ref,1995-06-28T00:00:00Z,1995,6,cond_u_s,112.05
n2,ref,1995-06-28T00:00:00Z,1995,6,do_mg_l,10.27
n2,ref,1995-06-28T00:00:00Z,1995,6,secchi_m,5.4
n2,ref,1995-06-28T00:00:00Z,1995,6,temp_c,9.446666666666667
n2,ref,1995-07-05T00:00:00Z,1995,7,chl_ug_l,0.83085
n2,ref,1995-07-05T00:00:00Z,1995,7,cond_u_s,119.6
n2,ref,1995-07-05T00:00:00Z,1995,7,do_mg_l,9.453333333333333
n2,ref,1995-07-05T00:00:00Z,1995,7,secchi_m,5.6
n2,ref,1995-07-05T00:00:00Z,1995,7,temp_c,13.673333333333334
n2,ref,1995-07-17T00:00:00Z,1995,7,chl_ug_l,0.609565
n2,ref,1995-07-17T00:00:00Z,1995,7,cond_u_s,128.4
n2,ref,1995-07-17T00:00:00Z,1995,7,do_mg_l,8.85
n2,ref,1995-07-17T00:00:00Z,1995,7,secchi_m,6.35
n2,ref,1995-07-17T00:00:00Z,1995,7,temp_c,17.383333333333333
n2,ref,1995-07-26T00:00:00Z,1995,7,chl_ug_l,0.96193
n2,ref,1995-07-26T00:00:00Z,1995,7,cond_u_s,139.03333333333333
n2,ref,1995-07-26T00:00:00Z,1995,7,do_mg_l,9.576666666666666
n2,ref,1995-07-26T00:00:00Z,1995,7,secchi_m,6.1
n2,ref,1995-07-26T00:00:00Z,1995,7,temp_c,10.743333333333334
n2,ref,1995-08-08T00:00:00Z,1995,8,chl_ug_l,0.93226
n2,ref,1995-08-08T00:00:00Z,1995,8,cond_u_s,154
n2,ref,1995-08-08T00:00:00Z,1995,8,do_mg_l,9.6
n2,ref,1995-08-08T00:00:00Z,1995,8,secchi_m,6.2
n2,ref,1995-08-08T00:00:00Z,1995,8,temp_c,10.666666666666668
n2,ref,1995-08-14T00:00:00Z,1995,8,chl_ug_l,1.175045
n2,ref,1995-08-14T00:00:00Z,1995,8,cond_u_s,159.33333333333334
n2,ref,1995-08-14T00:00:00Z,1995,8,do_mg_l,9.966666666666667
n2,ref,1995-08-14T00:00:00Z,1995,8,secchi_m,4.8
n2,ref,1995-08-14T00:00:00Z,1995,8,temp_c,11.863333333333333
n2,ref,1996-06-14T00:00:00Z,1996,6,chl_ug_l,0.1598518665
n2,ref,1996-06-14T00:00:00Z,1996,6,cond_u_s,88.13333333333334
n2,ref,1996-06-14T00:00:00Z,1996,6,do_mg_l,8.416666666666666
n2,ref,1996-06-14T00:00:00Z,1996,6,secchi_m,2.5
n2,ref,1996-06-14T00:00:00Z,1996,6,temp_c,6.64
n2,ref,1996-06-21T00:00:00Z,1996,6,chl_ug_l,0.362406
n2,ref,1996-06-21T00:00:00Z,1996,6,cond_u_s,95.2
n2,ref,1996-06-21T00:00:00Z,1996,6,do_mg_l,9.02
n2,ref,1996-06-21T00:00:00Z,1996,6,secchi_m,3.8
n2,ref,1996-06-21T00:00:00Z,1996,6,temp_c,12.486666666666666
n2,ref,1996-06-28T00:00:00Z,1996,6,chl_ug_l,0.3108185335
n2,ref,1996-06-28T00:00:00Z,1996,6,cond_u_s,98.23333333333333
n2,ref,1996-06-28T00:00:00Z,1996,6,do_mg_l,8.703333333333333
n2,ref,1996-06-28T00:00:00Z,1996,6,secchi_m,4
n2,ref,1996-06-28T00:00:00Z,1996,6,temp_c,11.076666666666666
n2,ref,1996-07-08T00:00:00Z,1996,7,chl_ug_l,0.3081442665
n2,ref,1996-07-08T00:00:00Z,1996,7,cond_u_s,104.13333333333334
n2,ref,1996-07-08T00:00:00Z,1996,7,do_mg_l,8.936666666666667
n2,ref,1996-07-08T00:00:00Z,1996,7,secchi_m,3.9
n2,ref,1996-07-08T00:00:00Z,1996,7,temp_c,14.26
n2,ref,1996-07-17T00:00:00Z,1996,7,chl_ug_l,0.2625954665
n2,ref,1996-07-17T00:00:00Z,1996,7,cond_u_s,109.35
n2,ref,1996-07-17T00:00:00Z,1996,7,do_mg_l,9.036666666666667
n2,ref,1996-07-17T00:00:00Z,1996,7,secchi_m,3.3
n2,ref,1996-07-17T00:00:00Z,1996,7,temp_c,13.049999999999999
n2,ref,1996-07-26T00:00:00Z,1996,7,chl_ug_l,0.19806800000000002
n2,ref,1996-07-26T00:00:00Z,1996,7,cond_u_s,116.73333333333333
n2,ref,1996-07-26T00:00:00Z,1996,7,do_mg_l,8.756666666666668
n2,ref,1996-07-26T00:00:00Z,1996,7,secchi_m,3.3
n2,ref,1996-07-26T00:00:00Z,1996,7,temp_c,14.33
n2,ref,1996-08-12T00:00:00Z,1996,8,chl_ug_l,0.2088513335
n2,ref,1996-08-12T00:00:00Z,1996,8,cond_u_s,134.13333333333333
n2,ref,1996-08-12T00:00:00Z,1996,8,do_mg_l,8.743333333333334
n2,ref,1996-08-12T00:00:00Z,1996,8,secchi_m,4
n2,ref,1996-08-12T00:00:00Z,1996,8,temp_c,9.493333333333334
n2,ref,1997-06-18T00:00:00Z,1997,6,chl_ug_l,0.35
n2,ref,1997-06-18T00:00:00Z,1997,6,cond_u_s,81.03333333333333
n2,ref,1997-06-18T00:00:00Z,1997,6,do_mg_l,6.0633333333333335
n2,ref,1997-06-18T00:00:00Z,1997,6,secchi_m,3.5
n2,ref,1997-06-18T00:00:00Z,1997,6,temp_c,10.456666666666667
n2,ref,1997-07-18T00:00:00Z,1997,7,chl_ug_l,0.05
n2,ref,1997-07-18T00:00:00Z,1997,7,cond_u_s,112.03333333333333
n2,ref,1997-07-18T00:00:00Z,1997,7,do_mg_l,9.226666666666667
n2,ref,1997-07-18T00:00:00Z,1997,7,secchi_m,6.2
n2,ref,1997-07-18T00:00:00Z,1997,7,temp_c,15.003333333333334
n2,ref,1997-08-04T00:00:00Z,1997,8,chl_ug_l,0.16499999999999998
n2,ref,1997-08-04T00:00:00Z,1997,8,cond_u_s,154.66666666666666
n2,ref,1997-08-04T00:00:00Z,1997,8,do_mg_l,9.316666666666666
n2,ref,1997-08-04T00:00:00Z,1997,8,secchi_m,3.6
n2,ref,1997-08-04T00:00:00Z,1997,8,temp_c,15.03
n2,ref,1997-08-13T00:00:00Z,1997,8,chl_ug_l,NA
n2,ref,1997-08-13T00:00:00Z,1997,8,cond_u_s,155
n2,ref,1997-08-13T00:00:00Z,1997,8,do_mg_l,8.873333333333333
n2,ref,1997-08-13T00:00:00Z,1997,8,secchi_m,NA
n2,ref,1997-08-13T00:00:00Z,1997,8,temp_c,13.333333333333334
n2,ref,1998-06-19T00:00:00Z,1998,6,chl_ug_l,0.8816666666666667
n2,ref,1998-06-19T00:00:00Z,1998,6,cond_u_s,129.325
n2,ref,1998-06-19T00:00:00Z,1998,6,do_mg_l,8.6425
n2,ref,1998-06-19T00:00:00Z,1998,6,secchi_m,4.4
n2,ref,1998-06-19T00:00:00Z,1998,6,temp_c,13.385
n2,ref,1998-07-17T00:00:00Z,1998,7,chl_ug_l,0.6666666666666667
n2,ref,1998-07-17T00:00:00Z,1998,7,cond_u_s,139.5
n2,ref,1998-07-17T00:00:00Z,1998,7,do_mg_l,8.092500000000001
n2,ref,1998-07-17T00:00:00Z,1998,7,secchi_m,5.4
n2,ref,1998-07-17T00:00:00Z,1998,7,temp_c,17.552500000000002
n2,ref,1998-08-07T00:00:00Z,1998,8,chl_ug_l,0.7733333333333332
n2,ref,1998-08-07T00:00:00Z,1998,8,cond_u_s,155.5
n2,ref,1998-08-07T00:00:00Z,1998,8,do_mg_l,8.905000000000001
n2,ref,1998-08-07T00:00:00Z,1998,8,secchi_m,6.6
n2,ref,1998-08-07T00:00:00Z,1998,8,temp_c,13.42
n2,ref,1999-05-08T00:00:00Z,1999,5,chl_ug_l,4.205
n2,ref,1999-05-08T00:00:00Z,1999,5,cond_u_s,249
n2,ref,1999-05-08T00:00:00Z,1999,5,do_mg_l,9.093333333333334
n2,ref,1999-05-08T00:00:00Z,1999,5,secchi_m,NA
n2,ref,1999-05-08T00:00:00Z,1999,5,temp_c,0.7566666666666666
n2,ref,1999-06-28T00:00:00Z,1999,6,chl_ug_l,0.9116666666666666
n2,ref,1999-06-28T00:00:00Z,1999,6,cond_u_s,111.16666666666667
n2,ref,1999-06-28T00:00:00Z,1999,6,do_mg_l,9.39
n2,ref,1999-06-28T00:00:00Z,1999,6,secchi_m,4.5
n2,ref,1999-06-28T00:00:00Z,1999,6,temp_c,14.91
n2,ref,1999-07-16T00:00:00Z,1999,7,chl_ug_l,0.8366666666666667
n2,ref,1999-07-16T00:00:00Z,1999,7,cond_u_s,136.2
n2,ref,1999-07-16T00:00:00Z,1999,7,do_mg_l,8.953333333333333
n2,ref,1999-07-16T00:00:00Z,1999,7,secchi_m,5.9
n2,ref,1999-07-16T00:00:00Z,1999,7,temp_c,17.14666666666667
n2,ref,1999-08-09T00:00:00Z,1999,8,chl_ug_l,0.605
n2,ref,1999-08-09T00:00:00Z,1999,8,cond_u_s,160.66666666666666
n2,ref,1999-08-09T00:00:00Z,1999,8,do_mg_l,9.58
n2,ref,1999-08-09T00:00:00Z,1999,8,secchi_m,5.9
n2,ref,1999-08-09T00:00:00Z,1999,8,temp_c,14.92
