site,tow_type,depth_m,date,d_midd,d_long,bosmina,holo,heter,d_prib,c_scutt,p_ped,year
N2 Fert,vt,6,1985-07-08,0,13.11,2.17,NA,0,NA,4.81,15.85,1985
N2 Fert,vt,6,1985-07-08,0,0.86,0.19,NA,0,NA,5.71,15.98,1985
N2 Cont,vt,6,1985-07-08,0.07,3.31,4.33,NA,0,NA,7.3,17.44,1985
N2 Cont,vt,6,1985-07-08,0,2.36,1.89,NA,0,NA,5.66,14.14,1985
N2 Fert,vt,6,1985-07-11,0,6.22,2.04,NA,0,NA,1.13,23.6,1985
N2 Fert,vt,6,1985-07-11,0,6.38,0.74,NA,0,NA,4.66,31.15,1985
N2 Cont,vt,6,1985-07-11,0,1.41,0.55,NA,0,NA,3.95,14.43,1985
N2 Cont,vt,6,1985-07-11,0,0.99,0.55,NA,0,NA,7.1,11.88,1985
N2 Fert,vt,6,1985-07-18,0,6.59,0.26,NA,0,NA,7.64,20.75,1985
N2 Fert,vt,6,1985-07-18,0,10.7,0.2,NA,0,NA,3.53,13.7,1985
N2 Cont,vt,6,1985-07-18,0,3.32,0.41,NA,0,NA,1.22,7.85,1985
N2 Cont,vt,6,1985-07-18,0,6.57,2,NA,0,NA,2.51,12.76,1985
N2 Fert,vt,6,1985-07-25,0,5.48,1.07,NA,0,NA,3.81,11.42,1985
N2 Fert,vt,6,1985-07-25,0,7.62,1.49,NA,0,NA,1.41,17.45,1985
N2 Cont,vt,6,1985-07-25,0,5.31,1.16,NA,0,NA,1.85,9.94,1985
N2 Cont,vt,6,1985-07-25,0,11.48,3.95,NA,0,NA,1.1,8.99,1985
N2 Fert,vt,6,1985-08-01,0,34.77,2.38,NA,0,NA,6.09,11.75,1985
N2 Fert,vt,6,1985-08-01,0,29.14,1.08,NA,0,NA,6.72,14.53,1985
N2 Cont,vt,6,1985-08-01,0,14.69,0.52,NA,0,NA,0.77,17.01,1985
N2 Cont,vt,6,1985-08-01,0,13.34,1.11,NA,0,NA,1.19,32.86,1985
N2 Fert,vt,6,1985-08-08,0,17.01,6.12,NA,0,NA,2.51,12.57,1985
N2 Fert,vt,6,1985-08-08,0,16.6,6.36,NA,0,NA,2.91,12.66,1985
N2 Cont,vt,6,1985-08-08,0,16.62,4.46,NA,0,NA,1.7,5.94,1985
N2 Cont,vt,6,1985-08-08,0,14.39,3.8,NA,0,NA,1.03,5.6,1985
N2 Cont,vt,6.5,1986-07-04,0,0.52,0.13,NA,0,NA,1.55,12.91,1986
N2 Fert,vt,7,1986-07-04,0,1.07,0.68,NA,0,NA,5.82,13.88,1986
N2 Fert,vt,7,1986-07-04,0,1.86,0.41,NA,0,NA,5.88,10.72,1986
N2 Cont,vt,7,1986-07-04,0,0.22,0,NA,0,NA,1.05,8.79,1986
N2 Cont,vt,6,1986-07-10,0,0.38,0,NA,0,NA,2.34,9.58,1986
N2 Cont,vt,6,1986-07-10,0,0.84,0,NA,0,NA,3.46,14.49,1986
N2 Fert,vt,7,1986-07-10,0,1.8,0.64,NA,0,NA,6.05,11.71,1986
N2 Fert,vt,7,1986-07-10,0,2.36,0.47,NA,0,NA,7.43,17.44,1986
N2 Fert,vt,6,1986-07-17,0,6.57,1.64,NA,0.01,NA,10.35,7.89,1986
N2 Fert,vt,6,1986-07-17,0,7.72,1.09,NA,0,NA,6.04,6.84,1986
N2 Cont,vt,6,1986-07-17,0,4.46,0.44,NA,0,NA,1.53,8.34,1986
N2 Cont,vt,6,1986-07-17,0,3.98,0.54,NA,0,NA,2.53,4.97,1986
N2 Fert,vt,6,1986-07-24,0,12.22,0.36,NA,0,NA,8.47,7.26,1986
N2 Fert,vt,6,1986-07-24,0,8.03,0.47,NA,0,NA,5.12,7.21,1986
N2 Cont,vt,6,1986-07-24,0,2.69,1.26,NA,0,NA,3.7,6.65,1986
N2 Cont,vt,6,1986-07-24,0,3.39,2.93,NA,0,NA,3.7,9.32,1986
N2 Fert,vt,6,1986-07-31,0,10.51,3.93,NA,0,NA,5.9,7.86,1986
N2 Fert,vt,6,1986-07-31,0,9.65,4.36,NA,0,NA,4.45,8.72,1986
N2 Cont,vt,6,1986-07-31,0,3.74,1.64,NA,0,NA,1.91,5.83,1986
N2 Cont,vt,6,1986-07-31,0,6.4,0.43,NA,0,NA,2.16,5.88,1986
N2 Fert,vt,6,1986-08-07,0,17.65,9.13,NA,0,NA,7.53,4.44,1986
N2 Fert,vt,6,1986-08-07,0,17.57,5.64,NA,0,NA,9.65,8.46,1986
N2 Cont,vt,6,1986-08-07,0,9.89,1.55,NA,0,NA,2.37,6.46,1986
N2 Cont,vt,6,1986-08-07,0,5.82,0.82,NA,0,NA,1.74,5.72,1986
N2 Fert,vt,6,1986-08-14,0,21.39,7.7,NA,0,NA,6.9,2.93,1986
N2 Fert,vt,6,1986-08-14,0,19.77,6.75,NA,0,NA,7.33,2.09,1986
N2 Cont,vt,6,1986-08-14,0,13.57,2.54,NA,0,NA,1.35,6.43,1986
N2 Cont,vt,6,1986-08-14,0,8.32,1.88,NA,0,NA,1.09,7.53,1986
N2 Fert,vt,6,1987-07-01,0,3.3,0,NA,0,NA,13.56,10.26,1987
N2 Fert,vt,6,1987-07-01,0,3.96,0.11,NA,0,NA,16.75,10.53,1987
N2 Cont,vt,6,1987-07-01,0,0.34,0.23,NA,0,NA,8.61,8.61,1987
N2 Cont,vt,6,1987-07-01,0,0.8,0.13,NA,0,NA,6.81,10.56,1987
N2 Fert,vt,6,1987-07-07,0,1.62,0.1,NA,0,NA,11.56,5.37,1987
N2 Fert,vt,6,1987-07-07,0,0.59,0,NA,0,NA,10.2,5.35,1987
N2 Cont,vt,6,1987-07-07,0,1.16,0.18,NA,0,NA,5.11,6.27,1987
N2 Cont,vt,6,1987-07-07,0,2.09,0.31,NA,0,NA,5.33,5.96,1987
N2 Fert,vt,6,1987-07-14,0,8.85,0,NA,0,NA,9.77,12.02,1987
N2 Fert,vt,6,1987-07-14,0,8.53,0,NA,0,NA,9.77,6.47,1987
N2 Cont,vt,6,1987-07-14,0,4.72,0,NA,0,NA,5.03,7.86,1987
N2 Cont,vt,6,1987-07-14,0,3.3,0.09,NA,0,NA,5.85,8.02,1987
N2 Fert,vt,6,1987-07-19,0,14.27,0,NA,0,NA,6.44,8.11,1987
N2 Fert,vt,6,1987-07-19,0,18.47,0.14,NA,0,NA,7.83,9.51,1987
N2 Cont,vt,6,1987-07-19,0,5.67,0,NA,0,NA,7.47,10.65,1987
N2 Cont,vt,6,1987-07-19,0,6.69,0,NA,0,NA,8.66,9.71,1987
N2 Fert,vt,6,1987-07-28,0,4.07,2.75,NA,0,NA,8.36,6.27,1987
N2 Fert,vt,6,1987-07-28,0,13.59,7,NA,0,NA,8.96,4.43,1987
N2 Cont,vt,6,1987-07-28,0,6.83,0.2,NA,0,NA,2.28,5.45,1987
N2 Cont,vt,6,1987-07-28,0,8.28,0.2,NA,0,NA,3.19,7.29,1987
N2 Fert,vt,6,1987-08-04,0,8.66,1.47,NA,0,NA,9.89,4.41,1987
N2 Fert,vt,6,1987-08-04,0,7.17,0,NA,0,NA,9.47,4.04,1987
N2 Cont,vt,6,1987-08-04,0,5.99,0,NA,0,NA,1.67,5.01,1987
N2 Cont,vt,6,1987-08-04,0,8.21,0.18,NA,0,NA,2,5.47,1987
N2 Fert,vt,6,1987-08-11,0,25.44,4.81,NA,0,NA,9.4,3.1,1987
N2 Fert,vt,6,1987-08-11,0,22.31,2.13,NA,0,NA,9.13,1.82,1987
N2 Cont,vt,6,1987-08-11,0,16.59,0.48,NA,0,NA,2.3,1.63,1987
N2 Cont,vt,6,1987-08-11,0,20.59,1.03,NA,0,NA,1.95,3.39,1987
N2 Cont,vt,6,1988-06-20,0,0.471,0.118,NA,0,NA,1.297,6.836,1988
N2 Cont,vt,6,1988-06-20,0,0.819,0,NA,0,NA,1.147,13.435,1988
N2 Fert,vt,6,1988-06-20,0,1.984,0,NA,0,NA,3.734,8.518,1988
N2 Fert,vt,6,1988-06-20,0,2.5,0,NA,0,NA,4.881,5.476,1988
N2 Cont,vt,6,1988-06-28,0,4.043,0.578,NA,0,NA,5.545,9.587,1988
N2 Cont,vt,6,1988-06-28,0,8.487,0.53,NA,0,NA,6.954,9.665,1988
N2 Fert,vt,6,1988-06-28,0,8.345,0.07,NA,0,NA,9.458,10.153,1988
N2 Fert,vt,6,1988-06-28,0,11.522,0,NA,0,NA,13.69,9.217,1988
N2 Cont,vt,6,1988-07-05,0,4.413,0.276,NA,0,NA,6.206,3.723,1988
N2 Cont,vt,6,1988-07-05,0,3.095,0.357,NA,0,NA,5.357,5.952,1988
N2 Fert,vt,6,1988-07-05,0,3.168,0.283,NA,0,NA,12.221,7.355,1988
N2 Fert,vt,6,1988-07-05,0,8.039,0.324,NA,0,NA,18.541,9.984,1988
N2 Cont,vt,6,1988-07-12,0,10.012,0.161,NA,0,NA,5.49,11.465,1988
N2 Cont,vt,6,1988-07-12,0,9.491,0.156,NA,0,NA,2.956,9.024,1988
N2 Fert,vt,6,1988-07-12,0,5.949,0,NA,0,NA,11.533,9.105,1988
N2 Fert,vt,6,1988-07-12,0,5.127,0.177,NA,0,NA,10.608,9.371,1988
N2 Cont,vt,6,1988-07-19,0,4.668,0.583,NA,0,NA,4.019,7.39,1988
N2 Cont,vt,6,1988-07-19,0,8.067,0.487,NA,0,NA,5.424,7.093,1988
N2 Fert,vt,6,1988-07-19,0,34.745,1.202,NA,0,NA,21.641,7.694,1988
N2 Fert,vt,6,1988-07-19,0,25,0.595,NA,0,NA,19.405,6.31,1988
N2 Cont,vt,6,1988-07-27,0,2.31,0.264,NA,0,NA,2.838,3.432,1988
N2 Cont,vt,6,1988-07-27,0,2.881,0.153,NA,0,NA,2.452,4.413,1988
N2 Fert,vt,6,1988-07-27,0,23,1.073,NA,0,NA,10.726,4.785,1988
N2 Fert,vt,6,1988-07-27,0,27.198,0.502,NA,0,NA,10.796,4.603,1988
N2 Cont,vt,6,1988-08-02,0,0.262,7.072,NA,0,NA,0.064,0.134,1988
N2 Cont,vt,6,1988-08-02,0,6.677,0.421,NA,0,NA,2.269,4.862,1988
N2 Fert,vt,6,1988-08-02,0,10.583,2.323,NA,0,NA,9.809,2.667,1988
N2 Fert,vt,6,1988-08-02,0,16.537,2.588,NA,0,NA,10.713,3.02,1988
N2 Cont,vt,6,1988-08-10,0.002,9.048,1.905,NA,0,NA,2.143,1.786,1988
N2 Cont,vt,6,1988-08-10,0,9.316,0.985,NA,0.005,NA,2.24,2.777,1988
N2 Fert,vt,6,1988-08-10,0,15.464,3.479,NA,0,NA,5.123,2.996,1988
N2 Fert,vt,6,1988-08-10,0,13.918,3.055,NA,0,NA,5.318,1.584,1988
N2 Cont,vt,5,1989-06-29,0,1.863,0.155,0,0,0,28.877,0,1989
N2 Cont,vt,5,1989-06-29,0,1.114,0,0,0,0,16.991,0,1989
N2 Fert,vt,5,1989-06-29,0,2.63,0.164,0,0,0,16.521,0,1989
N2 Fert,vt,5,1989-06-29,0,2.877,0.128,0,0,0,21.543,0,1989
N2 Cont,vt,5,1989-07-06,0.003,0.526,0.526,0,0.003,6.663,11.923,0,1989
N2 Cont,vt,5,1989-07-06,0,0.808,0.323,0,0.003,5.819,12.285,0,1989
N2 Fert,vt,5,1989-07-06,0.022,2.778,0.214,0,0.008,9.973,29.847,0,1989
N2 Fert,vt,5,1989-07-06,0,1.101,0,0,0.003,5.874,18.448,0,1989
N2 Cont,vt,5,1989-07-13,0,4.159,0.567,0,0,7.184,13.233,0,1989
N2 Cont,vt,5,1989-07-13,0,5.2,1,0,0,7.2,8.6,0,1989
N2 Fert,vt,5,1989-07-13,0,21.107,0.493,0,0.003,16.175,18.049,0,1989
N2 Fert,vt,5,1989-07-13,0,15.649,0.767,0,0.003,15.803,20.099,0,1989
N2 Cont,vt,5,1989-07-19,0,5.408,0.644,0,0.003,4.507,9.658,0,1989
N2 Fert,vt,5,1989-07-19,0,11.315,2.748,0,0,6.627,9.537,0,1989
N2 Cont,vt,5,1989-07-27,0,14.86,2.63,0,0,6.444,3.551,0.263,1989
N2 Cont,vt,5,1989-07-27,0,8.877,0.658,0,0,5.918,8,0,1989
N2 Fert,vt,5,1989-07-27,0,8.942,6.614,0,0,5.403,4.099,0,1989
N2 Fert,vt,5,1989-07-27,0,20.345,14.679,0,0,7.468,6.438,0.773,1989
N2 Cont,vt,5,1989-08-03,0,5.184,0.353,0,0.003,4.359,3.888,0,1989
N2 Cont,vt,5,1989-08-03,0,8.942,0,0,0,4.997,8.548,0,1989
N2 Fert,vt,5,1989-08-03,0,15.781,0.395,0,0,6.51,2.367,0,1989
N2 Fert,vt,5,1989-08-03,0,13.255,1.293,0,0,5.658,2.91,0,1989
N2 Fert,Vt,6,1990-06-30,0,6.329,0.678,0,0,NA,9.267,37.295,1990
N2 Fert,Vt,6,1990-06-30,0,2.671,0,0,0,NA,7.192,29.589,1990
N2 Cont,Vt,6,1990-06-30,0,6.37,0,0,0,NA,13.562,21.575,1990
N2 Cont,Vt,6,1990-06-30,0,3.021,1.175,0,0,NA,10.572,25.171,1990
N2 Fert,Vt,6,1990-07-05,0,2.74,1.142,0,0,NA,9.589,18.493,1990
N2 Fert,Vt,6,1990-07-05,0,3.658,0.406,0,0,NA,9.144,22.352,1990
N2 Cont,Vt,6,1990-07-05,0,2.705,1.623,0,0,NA,13.527,14.79,1990
N2 Cont,Vt,6,1990-07-05,0,1.906,1.334,0,0,NA,12.392,17.348,1990
N2 Fert,Vt,6,1990-07-12,0,9.711,2.066,0,0,NA,7.438,21.075,1990
N2 Fert,Vt,6,1990-07-12,0,5.172,2.474,0,0,NA,9.67,14.842,1990
N2 Cont,Vt,6,1990-07-12,0,2.463,4.358,0,0,NA,5.685,10.422,1990
N2 Cont,Vt,6,1990-07-12,0,2.597,5.594,0,0,NA,5.394,12.386,1990
N2 Fert,Vt,6,1990-07-19,0,7.808,1.096,0,0,NA,6.712,10.685,1990
N2 Fert,Vt,6,1990-07-19,0,8.47,2.662,0,0,NA,7.26,9.559,1990
N2 Cont,Vt,6,1990-07-19,0,15.221,7.998,0,0,NA,14.963,12.126,1990
N2 Cont,Vt,6,1990-07-19,0,13.699,11.13,0,0,NA,20.833,16.838,1990
N2 Fert,Vt,6,1990-07-26,0,3.909,1.954,0,0,NA,6.229,7.084,1990
N2 Fert,Vt,6,1990-07-26,0,3.836,1.507,0,0,NA,4.795,10.137,1990
N2 Cont,Vt,6,1990-07-26,0,6.904,4.219,0,0,NA,7.863,13.233,1990
N2 Cont,Vt,6,1990-07-26,0,11.105,11.799,0,0,NA,9.023,15.269,1990
N2 Fert,Vt,6,1990-08-02,0,3.916,0.839,0,0,NA,3.076,6.153,1990
N2 Fert,Vt,6,1990-08-02,0,5.574,1.467,0,0,NA,4.107,9.682,1990
N2 Cont,Vt,6,1990-08-02,0,11.301,2.911,0,0,NA,9.247,8.39,1990
N2 Cont,Vt,6,1990-08-02,0,10.582,1.646,0,0,NA,6.349,9.877,1990
N2 Cont,vt,NA,1991-07-11,0,3.959,0.311,0,0,7.918,4.425,0,1991
N2 Cont,vt,NA,1991-07-11,0,1.708,0.078,0,0,7.607,4.968,0,1991
N2 Fert,vt,NA,1991-07-11,0,1.644,0.11,0,0,2.795,2.247,0,1991
N2 Fert,vt,NA,1991-07-11,0,1.182,0.124,0,0,4.044,3.297,0,1991
N2 Cont,vt,NA,1991-07-18,0,8.949,0.382,0,0,5.813,7.113,0,1991
N2 Cont,vt,NA,1991-07-18,0,9.703,0.685,0,0,6.849,7.763,0,1991
N2 Fert,vt,NA,1991-07-18,0,6.621,0.466,0,0,13.74,10.014,0.116,1991
N2 Fert,vt,NA,1991-07-18,0,7.397,0.009,0,0,11.836,12.986,0,1991
N2 Cont,vt,NA,1991-07-23,0,2.493,0.096,0,0,3.74,1.918,0,1991
N2 Fert,vt,NA,1991-07-25,0,2.897,0.215,0,0,5.741,2.897,0.054,1991
N2 Fert,vt,NA,1991-07-25,0,3.848,0.122,0,0,2.076,2.748,0,1991
N2 Cont,vt,NA,1991-07-26,0,5.772,0.511,0,0,4.164,1.023,0,1991
N2 Cont,vt,NA,1991-08-01,0,0.641,0.67,0,0,2.066,0.499,0,1991
N2 Cont,vt,NA,1991-08-01,0,0.526,0.46,0,0,0.986,1.118,0,1991
N2 Fert,vt,NA,1991-08-01,0,0.562,0.14,0,0,1.872,0.983,0,1991
N2 Fert,vt,NA,1991-08-01,0,0.288,0.041,0,0,1.151,0.658,0,1991
N2 Cont,vt,NA,1991-08-08,0,1.622,0.563,0,0,1.324,0.761,0,1991
N2 Cont,vt,NA,1991-08-08,0,2.226,0.856,0,0,1.142,1.598,0.114,1991
N2 Fert,vt,NA,1991-08-08,0,1.497,0.798,0,0,2.795,1.248,0,1991
N2 Fert,vt,NA,1991-08-08,0,1.632,0.638,0,0,2.469,1.149,0,1991
N2 Cont,vt,NA,1991-08-14,0,0.455,0.114,0,0,0.966,0.398,0,1991
N2 Cont,vt,NA,1991-08-14,0,1.171,0.123,0,0,1.788,1.418,0,1991
N2 Fert,vt,NA,1991-08-14,0,1.698,0.408,0,0,1.426,1.223,0,1991
N2 Fert,vt,NA,1991-08-14,0,1.187,0.482,0,0,1.929,1.447,0,1991
N2 Cont,vt,6,1992-06-18,0,0.018,0,0,0,0,1.223,NA,1992
N2 Cont,vt,6,1992-06-18,0,0.009,0,0,0,0,1.028,NA,1992
N2 Fert,vt,7,1992-06-18,0,0.137,0,0,0,0,3.099,NA,1992
N2 Fert,vt,7,1992-06-18,0,0.178,0,0,0,0,2.935,NA,1992
N2 Fert,vt,6,1992-06-25,0,0.53,0,0,0,0,5.473,NA,1992
N2 Fert,vt,6,1992-06-25,0,0.389,0,0,0,0,4.924,NA,1992
N2 Cont,vt,6,1992-06-25,0,0.007,0,0,0,0,6.04,NA,1992
N2 Cont,vt,6,1992-06-25,0,0.009,0,0,0,0,6.767,NA,1992
N2 Fert,vt,6,1992-07-07,0,0.9,0,0,0,0.3,12.953,NA,1992
N2 Fert,vt,6,1992-07-07,0,0.401,0,0,0,0.975,17.887,NA,1992
N2 Fert,vt,6,1992-07-07,0,0.804,0,0,0,1.139,16.877,NA,1992
N2 Fert,vt,6,1992-07-07,0,0.905,0,0,0,1.114,10.584,NA,1992
N2 Cont,vt,6,1992-07-07,0,0.021,0.018,0,0,0,10.616,NA,1992
N2 Cont,vt,6,1992-07-07,0,0.027,0.023,0,0,0.011,10.685,NA,1992
N2 Cont,vt,6,1992-07-07,0,0.059,0.119,0,0,1.578,7.306,NA,1992
N2 Cont,vt,6,1992-07-07,0,0.048,0.146,0,0,1.364,7.58,NA,1992
N2 Cont,vt,5,1992-07-16,0,0.521,0.521,0,0,1.666,4.789,NA,1992
N2 Cont,vt,5,1992-07-16,0,1.068,0.356,0,0,1.87,5.129,NA,1992
N2 Fert,vt,7,1992-07-16,0,3.186,0,0,0,1.98,10.247,NA,1992
N2 Fert,vt,7,1992-07-16,0,1.747,0,0,0,1.344,6.652,NA,1992
N2 Fert,vt,6,1992-07-23,0,5.388,0.005,0,0,1.339,17.717,NA,1992
N2 Fert,vt,6,1992-07-23,0,5.671,0.005,0,0,1.541,12.082,NA,1992
N2 Cont,vt,6,1992-07-23,0,0.863,0.575,0,0,2.829,5.418,NA,1992
N2 Cont,vt,6,1992-07-23,0,0.751,0.429,0,0,2.629,4.292,NA,1992
N2 Cont,vt,5,1992-07-30,0,0.833,0.625,0,0,1.614,3.956,NA,1992
N2 Cont,vt,5,1992-07-30,0,0.815,1.247,0,0,1.822,3.308,NA,1992
N2 Fert,vt,7,1992-07-30,0,3.804,0.012,0,0,1.832,6.27,NA,1992
N2 Fert,vt,7,1992-07-30,0,2.027,0.014,0,0,1.26,9.425,NA,1992
N2 Fert,vt,6,1992-08-08,0,5.119,0.055,0,0,1.482,5.658,NA,1992
N2 Fert,vt,6,1992-08-08,0,4.295,0.26,0,0,1.692,4.815,NA,1992
N2 Cont,vt,6,1992-08-08,0,1.151,1.406,0,0,2.365,3.963,NA,1992
N2 Cont,vt,6,1992-08-08,0,1.007,2.014,0,0,3.308,4.315,NA,1992
N2 Cont,vt,6,1992-08-08,0,0.712,0.312,0,0,1.469,3.562,NA,1992
N2 Cont,vt,6,1992-08-08,0,0.575,0.671,0,0,1.47,3.516,NA,1992
N2 Fert,vt,7,1992-08-08,0,1.509,0.116,0,0,1.916,7.228,NA,1992
N2 Fert,vt,7,1992-08-08,0,2.315,0.178,0,0,2.404,7.925,NA,1992
Toolik,vt,10,1983-07-10,0.001,0.437,4.371,0.006,0.075,NA,9.761,NA,1983
Toolik,vt,10,1983-07-10,0.006,0.721,4.472,0.004,0.123,NA,12.696,NA,1983
Toolik,vt,10,1983-07-12,0.001,0.486,2.719,0.01,0.078,NA,4.808,NA,1983
Toolik,vt,10,1983-07-12,0.003,0.624,3.98,0.01,0.079,NA,7.752,NA,1983
Toolik,vt,10,1983-07-19,0,0.386,2.614,0.001,0.048,NA,3.446,NA,1983
Toolik,vt,10,1983-07-19,0,0.594,2.97,0.006,0.035,NA,5.941,NA,1983
Toolik,vt,10,1983-07-26,0,0.386,6.238,0.01,0.132,NA,2.347,NA,1983
Toolik,vt,10,1983-07-26,0.008,0.356,5.347,0.017,0.115,NA,2.851,NA,1983
Toolik,vt,10,1983-08-02,0.001,0.078,3.205,0.008,0.058,NA,1.898,NA,1983
Toolik,vt,10,1983-08-02,0.001,0.016,2.536,0.004,0.037,NA,1.665,NA,1983
Toolik,vt,10,1983-08-09,0.004,0.356,3.832,0.006,0.041,NA,1.871,NA,1983
Toolik,vt,10,1983-08-09,0.003,0.802,4.248,0.004,0.052,NA,1.782,NA,1983
Toolik,vt,10,1983-08-16,0,0.249,1.774,0.004,0.045,NA,0.918,NA,1983
Toolik,vt,10,1983-08-16,0,0.156,1.042,0.004,0.062,NA,0.731,NA,1983
Toolik,vt,12,1984-07-04,0,0,0.13,NA,0.132,NA,0.052,4.823,1984
Toolik,vt,12,1984-07-04,0,0,0.151,NA,0.245,NA,0,4.689,1984
Toolik,vt,12,1984-07-07,0,0.066,0.165,NA,0.103,NA,0.396,1.881,1984
Toolik,vt,12,1984-07-07,0,0,0.233,NA,0.074,NA,0.389,1.711,1984
Toolik,vt,12,1984-07-11,0,0,0.13,NA,0.093,NA,3.19,0.882,1984
Toolik,vt,12,1984-07-11,0,0.072,0.253,NA,0.126,NA,2.06,0.868,1984
Toolik,vt,12,1984-07-14,0,0.002,0.008,NA,0.111,NA,0.071,0.079,1984
Toolik,vt,12,1984-07-14,0,0.042,0.167,NA,0.108,NA,3.082,0.541,1984
Toolik,vt,12,1984-07-18,0,0,0.082,NA,0.146,NA,4.617,0.531,1984
Toolik,vt,12,1984-07-18,0,0.018,0.053,NA,0.137,NA,2.652,0.583,1984
Toolik,vt,12,1984-07-21,0,0.038,0.152,NA,0.088,NA,3.43,0.457,1984
Toolik,vt,12,1984-07-21,0,0.066,0.099,NA,0.119,NA,2.871,0.462,1984
Toolik,vt,12,1984-07-25,0,0,0.111,NA,0.079,NA,1.994,0.222,1984
Toolik,vt,12,1984-07-25,0,0,0.161,NA,0.097,NA,3.802,0.419,1984
Toolik,vt,12,1984-07-28,0,0,0.051,NA,0.093,NA,8.235,0.36,1984
Toolik,vt,12,1984-07-28,0,0,0.095,NA,0.072,NA,4.137,0.318,1984
Toolik,vt,12,1984-08-01,0,0,0.255,NA,0.116,NA,3.564,0.424,1984
Toolik,vt,12,1984-08-01,0,0,0.04,NA,0.077,NA,3.607,0.12,1984
Toolik,vt,12,1984-08-04,0,0.015,0.073,NA,0.079,NA,3.155,0.291,1984
Toolik,vt,12,1984-08-04,0,0,0.159,NA,0.074,NA,2.769,0.541,1984
Toolik,vt,12,1984-08-08,0,0,0.201,NA,0.061,NA,1.979,0.029,1984
Toolik,vt,12,1984-08-08,0,0,0.044,NA,0.086,NA,2.684,0.176,1984
Toolik,vt,4,1985-07-03,0.1,0.29,0,NA,0,NA,0.19,37.05,1985
Toolik,vt,4,1985-07-03,0,0.11,0,NA,0.01,NA,0.44,22.83,1985
Toolik,vt,4,1985-07-06,0.07,0.83,0.63,NA,0.29,NA,2.92,4.8,1985
Toolik,vt,4,1985-07-06,0.08,0.54,0.62,NA,0.35,NA,11.2,12.6,1985
Toolik,vt,4,1985-07-10,0.71,0.51,0,NA,0.17,NA,11.86,2.12,1985
Toolik,vt,4,1985-07-10,0.17,0.26,0,NA,0.26,NA,8.9,2.62,1985
Toolik,vt,4,1985-07-13,0.18,1,0.27,NA,0.06,NA,3.99,3.82,1985
Toolik,vt,4,1985-07-13,0.12,0.37,1.23,NA,0.15,NA,4.05,1.47,1985
Toolik,vt,4,1985-07-17,0,0,0,NA,0.08,NA,8.15,1.81,1985
Toolik,vt,4,1985-07-17,0.08,0.33,0,NA,0.11,NA,4.27,0.75,1985
Toolik,vt,4,1985-07-20,0.1,0.5,0.2,NA,0.1,NA,8.92,0.59,1985
Toolik,vt,4,1985-07-20,0,0.08,0.08,NA,0.02,NA,6.97,0.96,1985
Toolik,vt,4,1985-07-24,0,0,0.29,NA,0.18,NA,3.77,2.03,1985
Toolik,vt,4,1985-07-24,0,0.09,0,NA,0.06,NA,7.33,1.31,1985
Toolik,vt,4,1985-07-27,0,0,0,NA,0.13,NA,5.87,0.29,1985
Toolik,vt,4,1985-07-27,0,0,0,NA,0.17,NA,15.93,1.12,1985
Toolik,vt,4,1985-07-31,0.08,0.08,0,NA,0.09,NA,3.52,0.25,1985
Toolik,vt,4,1985-07-31,0,0,0.1,NA,0.1,NA,3.81,0.88,1985
Toolik,vt,4,1985-08-03,0.08,0,0.24,NA,0.07,NA,3.84,0.72,1985
Toolik,vt,4,1985-08-03,0,0,0,NA,0.08,NA,6.17,0.59,1985
Toolik,vt,4,1985-08-07,0,0.28,0,NA,0.07,NA,3.68,0.28,1985
Toolik,vt,4,1985-08-07,0,0,0,NA,0.08,NA,2.44,0,1985
Toolik,vt,4,1985-08-10,0.2,0.1,0.1,NA,0.03,NA,3.35,0.61,1985
Toolik,vt,4,1985-08-10,0,0,0,NA,0.06,NA,1.03,0.69,1985
Toolik,vt,4,1985-08-13,0,0,0,NA,0.06,NA,7.25,1.58,1985
Toolik,vt,4,1985-08-13,0.06,0.06,0,NA,0.04,NA,15.26,3.31,1985
Toolik,vt,4.5,1986-07-02,0,0.09,0.06,NA,0.001,NA,0,7.92,1986
Toolik,vt,4.5,1986-07-02,0,0.03,0.07,NA,0,NA,0,7.17,1986
Toolik,vt,4.5,1986-07-08,0,0.12,0,NA,0.01,NA,0.58,7.99,1986
Toolik,vt,4.5,1986-07-08,0,0.07,0,NA,0.01,NA,0.77,8.98,1986
Toolik,vt,4.5,1986-07-15,0.03,0.18,0.06,NA,0.12,NA,1.82,5.71,1986
Toolik,vt,4.5,1986-07-15,0,0.04,0.04,NA,0.12,NA,1.34,6.25,1986
Toolik,vt,4.5,1986-07-22,0,0,0,NA,0.09,NA,2.95,6.35,1986
Toolik,vt,4.5,1986-07-22,0,0,0,NA,0.11,NA,2.33,3.76,1986
Toolik,vt,4.5,1986-07-29,0,0,0,NA,0.06,NA,2.03,5.09,1986
Toolik,vt,4.5,1986-07-29,0,0,0,NA,0.06,NA,2.25,4.71,1986
Toolik,vt,4.5,1986-08-05,0,0,0.09,NA,0.04,NA,1.83,4.05,1986
Toolik,vt,4.5,1986-08-05,0,0,0.03,NA,0.03,NA,1.72,3.21,1986
Toolik,vt,4.5,1986-08-12,0,0,0,NA,0.03,NA,1.54,4.02,1986
Toolik,vt,4.5,1986-08-12,0,0.03,0,NA,0.03,NA,0.67,5.52,1986
Toolik,vt,14,1987-07-04,0,0.11,0.11,NA,0.07,NA,3.14,4.15,1987
Toolik,vt,14,1987-07-04,0,0,0.14,NA,0.08,NA,4.54,6.79,1987
Toolik,vt,14,1987-07-13,0,0.14,0.07,NA,0.09,NA,5.66,3.81,1987
Toolik,vt,14,1987-07-13,0,0.15,0.07,NA,0.11,NA,4.96,3.19,1987
Toolik,vt,14,1987-07-19,0,0.14,0,NA,0.05,NA,2.89,2.89,1987
Toolik,vt,14,1987-07-19,0,0.21,0,NA,0.04,NA,3.09,2.53,1987
Toolik,vt,14,1987-07-27,0,0,0,NA,0.03,NA,2.68,1.63,1987
Toolik,vt,14,1987-07-27,0,0,0.03,NA,0.03,NA,2.47,2.22,1987
Toolik,vt,14,1987-08-03,0,0.08,0.04,NA,0.04,NA,2.95,3.2,1987
Toolik,vt,14,1987-08-03,0,0.09,0.04,NA,0.04,NA,2.53,3.33,1987
Toolik,vt,14,1987-08-10,0,0.15,0,NA,0.03,NA,1.92,3.28,1987
Toolik,vt,14,1987-08-10,0,0,0,NA,0.04,NA,2.17,2.5,1987
Toolik,vt,15,1988-06-09,0,0.048,0.011,NA,0,NA,0,1.491,1988
Toolik,vt,15,1988-06-22,0,0.041,0.011,NA,0.018,NA,0.287,9.803,1988
Toolik,vt,15,1988-06-22,0,0.123,0.008,NA,0.055,NA,0.205,9.393,1988
Toolik,vt,15,1988-06-29,0,0,0.007,NA,0.048,NA,2.58,10.911,1988
Toolik,vt,15,1988-06-29,0,0.05,0.02,NA,0.047,NA,2.976,12.713,1988
Toolik,vt,15,1988-07-06,0.001,0.008,0,NA,0.096,NA,3.225,9.083,1988
Toolik,vt,15,1988-07-06,0,0,0.007,NA,0.075,NA,3.17,8.08,1988
Toolik,vt,15,1988-07-13,0.001,0.003,0,NA,0.076,NA,3.326,6.172,1988
Toolik,vt,15,1988-07-13,0.004,0.004,0,NA,0.078,NA,4.243,7.214,1988
Toolik,vt,15,1988-07-20,0,0,0.002,NA,0.039,NA,4.194,5.25,1988
Toolik,vt,15,1988-07-20,0,0,0.006,NA,0.04,NA,3.099,5.349,1988
Toolik,vt,15,1988-07-27,0,0.096,0.006,NA,0.07,NA,2.917,3.398,1988
Toolik,vt,15,1988-07-27,0.001,0,0.004,NA,0.037,NA,3.524,2.85,1988
Toolik,vt,15,1988-08-03,0,0,0.005,NA,0.051,NA,2.727,3.218,1988
Toolik,vt,15,1988-08-03,0,0.032,0.002,NA,0.037,NA,3.096,3.127,1988
Toolik,vt,15,1988-08-11,0,0,0.014,NA,0.054,NA,3.788,2.096,1988
Toolik,vt,15,1988-08-11,0.002,0,0.009,NA,0.047,NA,2.027,1.909,1988
Toolik,vt,15,1989-06-28,0,0.005,0,0,0,0,7.021,NA,1989
Toolik,vt,15,1989-06-28,0.001,0.066,0.132,0,0,0,5.227,NA,1989
Toolik,vt,15,1989-07-04,0,0.103,0.274,0,0.031,0.034,16.712,NA,1989
Toolik,vt,15,1989-07-04,0.001,0.068,0.068,0,0.036,0.034,15.274,0,1989
Toolik,vt,15,1989-07-11,0.003,0,0,0,0.048,2.945,9.041,0,1989
Toolik,vt,15,1989-07-11,0,0.034,0.034,0,0.04,1.747,7.534,0,1989
Toolik,vt,15,1989-07-18,0,0.068,0,0.001,0.048,6.488,4.19,0,1989
Toolik,vt,15,1989-07-18,0.002,0.067,0,0,0.102,7.067,4.267,0,1989
Toolik,vt,15,1989-07-24,0,0,0.034,0,0.068,4.349,3.356,0,1989
Toolik,vt,15,1989-07-24,0.001,0,0,0,0.088,5.333,3.467,0,1989
Toolik,vt,15,1989-08-01,0,0,0.034,0,0.046,11.13,3.664,0,1989
Toolik,Vt,15,1990-06-30,0.001,0.17,0.042,0,0.102,NA,0,14.523,1990
Toolik,Vt,15,1990-06-30,0.002,0.081,0.122,0,0.104,NA,0.081,14.305,1990
Toolik,Vt,15,1990-07-05,0,0.001,0.005,0,0.148,NA,2.953,9.205,1990
Toolik,Vt,15,1990-07-05,0,0.002,0.005,0,0.108,NA,4.654,10.762,1990
Toolik,Vt,15,1990-07-12,0,0.002,0,0,0.089,NA,5.034,4.635,1990
Toolik,Vt,15,1990-07-12,0,0,0,0,0.08,NA,2.046,2.046,1990
Toolik,Vt,15,1990-07-19,0,0.004,0.003,0,0.157,NA,6.752,3.043,1990
Toolik,Vt,15,1990-07-19,0,0.003,0,0,0.336,NA,5.293,2.689,1990
Toolik,Vt,15,1990-07-26,0,0,0,0,0.038,NA,2.886,5.05,1990
Toolik,Vt,15,1990-07-26,0,0,0.003,0,0.041,NA,2.163,2.298,1990
Toolik,Vt,15,1990-08-02,0,0,0,0,0.073,NA,5.691,6.698,1990
Toolik,Vt,15,1990-08-02,0,0,0,0,0.066,NA,4.442,6.004,1990
Toolik,vt,NA,1991-07-09,0,0.006,0.018,0,0.03,2.953,3.759,NA,1991
Toolik,vt,NA,1991-07-09,0,0.005,0.004,0,0.005,1.498,1.984,NA,1991
Toolik,vt,NA,1991-07-16,0,0.008,0.011,0,0.009,4.11,6.231,NA,1991
Toolik,vt,NA,1991-07-16,0,0.014,0.005,0,0.013,2.275,5.663,NA,1991
Toolik,vt,NA,1991-07-23,0,0.003,0.023,0,0.001,0.656,1.298,NA,1991
Toolik,vt,NA,1991-07-23,0,0.002,0.04,0,0.005,1.453,1.318,NA,1991
Toolik,vt,NA,1991-07-30,0,0.012,0.002,0,0.005,1.171,1.562,NA,1991
Toolik,vt,NA,1991-07-30,0,0.009,0.012,0,0.005,1.178,2.904,NA,1991
Toolik,vt,NA,1991-08-06,0,0.003,0,0,0.002,0.432,0.479,NA,1991
Toolik,vt,NA,1991-08-06,0,0.006,0.007,0,0.005,0.553,0.301,NA,1991
Toolik,vt,NA,1991-08-12,0,0.007,0.016,0,0.001,0.392,0.332,NA,1991
Toolik,vt,NA,1991-08-12,0,0.007,0.013,0,0.003,0.641,0.107,NA,1991
Toolik,vt,15,1992-06-30,0,0.01,0.01,0,0,0.223,0.71,NA,1992
Toolik,vt,15,1992-06-30,0,0.033,0.05,0,0,0.415,1.626,NA,1992
Toolik,vt,15,1992-07-07,0,0.019,0.039,0,0,0.154,0.963,NA,1992
Toolik,vt,15,1992-07-07,0,0,0.034,0,0,0.068,0.903,NA,1992
Toolik,vt,15,1992-07-14,0.001,0.126,0.442,0,0.093,2.173,2.704,NA,1992
Toolik,vt,15,1992-07-14,0,0.256,0.384,0,0.037,2.679,2.861,NA,1992
Toolik,vt,15,1992-07-21,0.008,0.037,0.027,0,0.009,0.959,2.466,NA,1992
Toolik,vt,15,1992-07-21,0.001,0.004,0.001,0,0.001,0.307,1.611,NA,1992
Toolik,vt,15,1992-07-28,0.001,0.001,0.006,0,0.01,1.213,3.053,NA,1992
Toolik,vt,15,1992-07-28,0,0.003,0.005,0,0.006,0.685,2.671,NA,1992
Toolik,vt,15,1992-08-08,0,0.005,0.006,0,0.002,0.671,2.333,NA,1992
Toolik,vt,15,1992-08-08,0,0.002,0.011,0,0.005,0.734,2.717,NA,1992
Toolik,vt,15,1992-08-08,0,0,0.014,0,0.004,0.256,1.025,NA,1992
Toolik,vt,15,1992-08-08,0,0,0.006,0,0.005,0.499,1.413,NA,1992
